Genus,403_10,403_3,403_6,405_10,405_3,405_6,407_10,407_3,407_6,408_10,408_3,408_6,411_10,411_3,411_6,412_10,412_3,412_6,414_10,414_3,414_6,420_10,420_3,420_6,425_10,425_3,425_6,427_10,427_3,427_6,428_10,428_3,428_6,431_10,431_3,431_6,432_10,432_3,432_6,433_10,433_3,433_6,437_10,437_3,437_6,438_10,438_3,438_6,439_10,439_3,439_6,444_10,444_3,444_6,449_10,449_3,449_6,450_10,450_3,450_6,451_10,451_3,451_6,452_10,452_3,452_6,456_10,456_3,456_6,459_10,459_3,459_6,461_10,461_3,461_6,463_10,463_3,463_6,464_10,464_3,464_6,465_10,465_3,465_6,466_10,466_3,466_6,471_10,471_3,471_6,472_10,472_3,472_6,475_10,475_3,475_6,476_10,476_3,476_6,478_10,478_3,478_6,481_10,481_3,481_6,482_10,482_3,482_6,484_10,484_3,484_6,485_10,485_3,485_6,489_10,489_3,489_6,495_10,495_3,495_6,500_10,500_3,500_6,505_10,505_3,505_6,509_10,509_3,509_6,510_10,510_3,510_6,515_10,515_3,515_6,517_10,517_3,517_6,518_10,518_3,518_6,519_10,519_3,519_6,521_10,521_3,521_6,522_10,522_3,522_6,524_10,524_3,524_6,528_10,528_3,528_6,532_10,532_3,532_6,534_10,534_3,534_6,535_10,535_3,535_6,536_10,536_3,536_6,538_10,538_3,538_6,541_10,541_3,541_6,542_10,542_3,542_6,547_10,547_3,547_6,548_10,548_3,548_6,549_10,549_3,549_6,553_10,553_3,553_6,555_10,555_3,555_6,562_10,562_3,562_6,564_10,564_3,564_6,568_10,568_3,568_6,571_10,571_3,571_6,572_10,572_3,572_6,573_10,573_3,573_6,577_10,577_3,577_6,578_10,578_3,578_6,579_10,579_3,579_6,580_10,580_3,580_6,584_10,584_3,584_6,590_10,590_3,590_6,592_10,592_3,592_6
A2,569,2947,1286,3506,1310,1143,2254,459,808,355,666,390,3501,1439,1433,2416,1072,2199,3624,1694,2149,2440,984,3971,643,1840,2138,239,581,1934,680,861,637,1952,436,1207,1385,1178,2150,1298,1873,1854,2399,2680,522,1939,432,1324,2101,853,1781,822,839,1767,534,951,830,5680,1761,1823,2373,3163,1007,1061,515,497,3593,1401,1403,1072,1147,1572,454,1046,899,1691,742,2181,803,1107,1336,2879,289,1762,179,660,870,2503,859,2562,1436,546,875,797,1313,1086,798,411,1905,1258,840,813,1558,153,1229,4164,66,2576,1188,245,1656,1044,225,619,3634,236,434,1698,217,431,6475,468,1638,322,787,1073,389,2013,2225,2011,680,1080,1394,953,555,2680,775,2619,710,2135,771,2618,1492,6442,586,1943,1436,643,435,565,861,2458,2944,1040,717,1741,1401,1292,1342,1145,1195,587,732,866,1211,2304,1532,2172,2997,2487,1788,899,4262,2393,853,889,1216,1032,599,1814,881,658,931,271,868,1889,349,1617,481,2147,1349,2519,1596,625,1112,832,1134,1371,691,1093,411,2274,1105,1044,1426,2012,1449,665,2230,1318,584,2402,561,1746,503,1615,5097,1164,331,424,765,200,2152,585,5839,527,1118,794,1891,606,2022
Acetatifactor,12,28,74,43,23,18,38,12,26,38,37,25,55,10,33,33,0,44,59,15,46,34,6,27,35,74,104,5,10,104,7,19,31,74,10,78,61,35,318,66,47,26,34,115,52,30,0,22,112,18,151,15,17,41,27,0,75,51,67,57,106,79,71,0,0,0,0,16,0,71,42,23,7,42,25,0,11,28,0,13,0,0,0,0,0,55,11,16,9,42,79,40,28,50,117,64,74,16,120,59,21,29,0,0,23,96,0,139,66,0,91,63,0,46,15,0,11,0,0,0,26,19,32,27,34,33,13,27,114,16,13,41,33,0,23,9,25,30,23,25,35,90,3,25,0,54,38,27,0,17,27,0,60,48,74,40,26,43,115,150,24,99,38,0,21,12,64,49,78,45,27,75,0,90,85,33,80,34,14,42,62,6,17,11,11,60,15,24,34,65,17,51,30,0,21,33,0,24,13,52,38,14,39,12,60,149,18,16,73,15,60,30,25,118,9,69,56,40,7,0,9,0,110,0,93,98,57,95,45,133,148
Alistipes,218,149,430,166,184,207,94,61,465,148,150,282,289,60,540,99,52,355,274,208,419,250,155,732,276,155,479,20,42,900,450,275,1046,678,87,2260,102,195,396,324,119,419,222,64,427,573,49,1002,328,27,147,150,131,511,122,13,72,626,48,421,634,37,673,0,19,15,284,137,828,266,230,831,67,49,557,966,51,1196,396,164,766,15,15,20,68,36,127,230,107,665,99,524,277,873,635,247,473,333,594,251,303,284,660,18,806,526,18,644,537,50,436,416,48,255,8,12,15,173,18,327,221,216,672,279,188,331,58,163,862,317,641,201,149,218,177,535,312,266,182,163,432,227,202,198,54,83,261,395,321,544,451,12,355,145,115,128,192,115,277,92,205,208,347,254,424,52,451,167,356,287,221,8,16,8,190,203,211,263,162,183,332,49,504,64,52,261,196,92,203,295,134,203,142,15,157,444,177,416,515,226,823,153,125,412,494,160,238,238,248,519,275,250,137,232,21,365,722,19,221,40,357,55,930,273,254,104,99,359,285,109,739
Alloprevotella,10,22,16,13,28,14,11,20,13,17,8,12,29,273,411,11,78,19,154,290,645,8,63,105,67,460,704,5,411,1111,7,70,96,152,30,590,75,231,304,22,514,113,30,1090,92,6,5,123,346,14,109,29,66,1403,16,25,21,23,26,11,11,29,14,11,14,20,42,170,361,45,825,137,10,18,11,15,77,17,20,316,14,14,29,18,466,23,1061,31,1923,13,3,25,34,24,34,100,19,164,19,14,47,17,280,9160,111,42,6806,372,20,11248,48,13,11564,17,347,2153,2878,749,25,1618,29,149,1193,15,69,32,4,21,52,12,20,8,1028,2572,323,421,710,743,1698,1262,1029,99,1177,248,85,403,897,272,341,892,845,2473,185,364,334,40,132,1093,645,380,140,594,74,750,308,15,364,164,134,1124,32,17,32,15,47,238,185,153,882,335,307,267,853,10,25,15,547,392,724,160,275,117,49,303,75,17,32,164,234,295,627,108,310,524,745,850,478,0,31,22,2516,180,342,56,1787,313,16,337,40,95,1455,48,1880,6251,198,14,67,33,8,19,16
Anaeroplasma,7,101,0,30,31,63,26,36,85,12,26,87,71,65,79,74,4,81,30,73,78,3,0,8,145,18,263,12,77,134,14,3,239,6,0,6,7,24,0,2,5,0,74,6,184,120,0,689,63,7,48,21,13,20,0,2,0,11,3,5,9,9,2,55,3,75,0,42,4,452,106,487,40,3,202,5,13,8,55,35,212,19,0,648,9,6,54,30,17,102,16,81,52,92,31,30,135,35,95,14,7,78,133,4,349,55,0,14,26,23,46,25,21,29,0,0,3,0,4,0,15,0,52,2,25,0,43,6,309,28,1658,66,9,20,19,98,6,82,0,31,0,33,0,23,6,0,30,46,222,214,240,35,40,17,68,17,18,140,29,30,103,27,81,106,35,6,228,6,27,71,13,39,0,63,139,94,129,68,159,92,42,121,70,0,128,26,48,75,34,60,69,41,9,0,6,92,104,62,6,299,64,42,92,18,28,98,39,20,105,37,77,187,41,7,6,4,63,33,30,21,159,30,322,291,97,30,23,198,39,206,97
Anaerotruncus,10,462,39,32,229,47,39,44,11,20,105,18,47,258,38,73,155,66,71,557,69,125,135,304,49,47,116,2,100,112,0,98,7,363,202,194,40,189,90,24,318,21,31,322,11,28,55,75,27,126,26,14,127,117,86,153,74,367,243,145,155,194,118,23,121,26,100,798,58,252,122,99,24,202,104,21,30,45,12,225,32,63,150,99,4,111,33,50,136,97,41,105,69,38,91,54,22,71,74,16,167,31,110,153,91,135,56,147,49,375,104,54,178,67,85,193,33,79,213,29,130,26,126,15,136,48,11,163,93,59,134,89,77,140,34,54,331,109,94,406,19,146,298,237,53,434,102,24,92,27,141,127,239,37,193,65,28,145,87,92,95,66,49,116,166,23,119,98,309,233,108,155,9,262,38,138,83,54,190,74,45,317,102,37,180,43,21,235,60,157,185,170,80,207,35,72,238,77,107,163,88,82,143,47,102,250,65,37,193,83,37,634,31,51,235,192,87,272,13,35,169,8,266,170,580,27,290,126,30,103,189
Bacillus,0,0,9,8,0,6,0,0,0,0,6,0,0,6,13,6,0,0,6,46,0,0,9,16,7,0,0,0,0,12,0,0,0,0,8,9,0,0,17,8,0,10,0,0,0,9,3,11,10,0,0,0,10,11,8,31,0,15,0,0,0,0,4,6,0,6,0,8,0,11,0,12,0,0,0,0,0,12,0,53,13,6,11,13,0,0,0,7,9,7,0,0,0,13,0,11,0,27,0,0,0,9,13,10,7,12,0,10,7,10,7,0,0,8,5,0,6,0,0,0,13,14,7,4,13,0,0,70,0,0,0,0,10,0,5,12,0,0,0,0,0,0,10,8,0,7,0,0,0,7,0,0,0,0,8,12,0,0,0,0,11,3,4,5,0,0,0,0,8,0,0,0,0,0,0,37,0,3,8,7,0,8,0,0,0,0,0,0,6,10,5,0,0,0,4,0,6,10,0,0,6,5,0,0,0,41,0,0,6,11,0,0,7,0,0,12,5,0,0,0,0,0,9,0,0,0,69,0,8,8,9
Bacteroidales,0,0,0,0,0,0,0,0,0,0,0,0,0,2,0,0,0,0,0,0,0,0,0,0,0,0,0,0,0,0,0,0,0,0,0,0,0,0,0,0,0,0,0,0,0,0,0,0,0,0,0,0,0,0,0,0,0,0,0,0,0,0,0,0,0,0,0,0,0,0,0,0,0,0,0,0,0,2,0,0,2,0,0,0,0,0,0,0,0,0,0,0,0,0,0,0,0,0,2,0,0,0,0,0,0,0,0,0,0,0,0,0,0,0,0,0,0,0,0,0,0,0,0,0,0,0,0,4,3,0,0,0,0,0,0,0,0,0,0,0,0,0,0,0,0,0,0,0,0,0,0,0,0,0,0,0,0,0,0,0,0,0,0,0,0,0,0,0,0,0,0,0,0,0,0,0,0,0,0,0,0,0,0,0,0,0,0,0,0,0,0,0,0,0,0,0,0,0,0,0,0,0,0,0,0,0,0,0,0,0,0,0,0,0,0,0,0,0,0,0,0,0,0,0,0,0,0,0,0,0,0
Bacteroides,800,14110,4066,631,12660,1400,1069,8423,3814,1279,2127,2656,623,8579,2826,746,5072,1051,921,17574,2096,397,5978,2744,909,8487,2687,46,7332,4004,444,13950,2535,2031,3552,6146,809,13043,3632,1083,18148,1635,1581,15445,1378,1437,5200,5310,1670,4386,1373,534,3257,3725,4236,16568,3051,2648,14190,1945,1407,13714,3391,2040,5483,6210,2240,19886,5260,2025,5247,3774,2870,10975,1987,1872,6586,2625,2592,11546,2398,1301,19195,2385,2312,6203,2135,1013,10079,2434,880,7192,3958,4578,6173,1989,1895,2612,2353,1260,7715,1618,3951,11521,3534,1809,9744,2783,3383,4362,1891,885,4962,1806,1380,10507,2677,2428,9336,2427,1770,4703,2618,609,1495,1013,231,10541,5094,1483,6021,3682,5161,5317,1125,4793,5898,2100,1148,9300,2300,1285,6551,2114,390,5662,1766,2496,3648,4432,3373,5385,1611,1553,4076,1474,1247,10685,3018,2108,5911,2411,971,8502,2938,640,6887,2069,2314,5421,886,3896,13098,3401,386,2392,642,1168,5576,706,1354,2558,1712,2617,3697,887,1451,7454,1568,2281,6521,984,467,3622,562,2625,6429,3091,1399,6068,3073,1059,1503,2460,3984,2692,2066,746,1922,1696,2948,3436,1361,1514,13561,2428,1383,9639,1703,1458,6783,437,9804,8406,1187,799,4970,3238,350,4132,850
Blautia,93,238,333,264,114,94,145,47,142,97,71,172,185,64,112,112,28,286,316,142,353,190,115,549,89,176,249,15,60,209,32,36,101,212,70,236,211,121,579,159,75,113,176,242,124,179,43,65,434,49,125,37,126,331,75,70,239,382,372,413,160,211,113,425,30,64,567,36,113,158,110,194,37,75,176,122,77,206,173,112,129,144,14,206,18,210,110,89,137,209,233,146,133,67,167,78,278,129,170,251,138,99,116,13,114,272,7,386,313,108,313,390,122,85,244,0,70,117,59,52,209,42,140,94,489,201,49,184,103,246,20,128,103,133,58,57,101,142,145,471,297,794,133,318,67,329,101,118,67,41,67,0,110,153,42,178,115,129,152,360,132,412,123,0,111,22,77,176,782,89,188,141,83,114,278,108,120,177,114,254,230,148,157,39,0,269,124,7,215,280,93,169,114,63,103,104,68,133,24,21,121,398,127,216,365,195,324,260,243,274,101,332,190,223,246,157,361,136,42,206,48,53,464,112,606,139,154,172,161,239,576
Butyricicoccus,0,0,0,0,0,0,0,0,0,0,0,0,0,0,0,0,0,0,0,0,0,0,0,0,0,0,0,0,0,0,0,0,0,0,0,0,0,0,0,0,0,0,0,0,0,0,0,0,0,0,0,0,0,0,0,0,0,0,0,0,0,0,0,0,0,0,0,0,0,0,0,0,0,0,0,0,0,0,0,0,17,0,0,0,0,0,0,0,0,0,0,0,0,0,0,0,0,0,0,0,0,0,0,0,0,0,0,0,0,0,0,0,0,0,0,0,0,0,0,0,0,0,0,0,0,0,0,0,0,0,0,0,0,0,0,0,0,0,0,0,0,0,0,0,0,0,0,0,0,0,0,0,0,0,0,0,0,0,0,0,0,0,0,0,0,0,0,0,0,0,0,31,0,65,0,0,0,0,0,0,0,0,0,0,0,0,0,0,0,0,0,0,0,0,0,0,0,0,0,0,0,0,0,0,0,0,0,0,0,0,0,0,0,0,0,0,0,0,0,3,12,0,9,2,10,0,0,0,0,0,0
Candidatus_Arthromitus,9,202,57,11,281,56,5,192,66,26,135,66,11,37,31,11,63,340,10,61,41,11,134,78,0,37,62,0,41,144,0,69,182,31,158,222,20,138,48,13,81,119,15,144,27,0,102,67,0,67,35,17,325,24,41,367,51,16,252,49,29,159,123,0,15,185,6,37,36,24,43,102,24,50,89,26,13,41,64,153,105,16,0,49,14,138,72,14,96,90,9,69,173,37,112,56,9,70,24,0,9,97,7,10,75,39,6,143,0,6,26,10,9,35,6,5,0,17,85,45,30,50,33,4,65,63,5,25,68,0,75,24,36,105,21,24,325,72,30,311,41,16,88,40,0,110,43,19,114,385,24,27,33,0,91,20,11,213,37,6,94,21,6,116,76,0,69,24,14,64,29,19,110,28,9,57,63,22,111,35,31,22,101,25,97,109,27,391,93,15,595,41,0,11,32,26,55,103,13,141,146,8,42,43,13,81,29,20,59,61,7,102,79,18,35,91,7,65,49,4,81,5,97,90,35,8,399,75,8,186,27
Candidatus_Saccharimonas,0,0,0,0,0,0,0,0,0,0,0,0,0,0,0,0,0,0,0,0,0,0,0,7,0,0,0,0,0,0,0,3,0,2,0,0,0,2,0,0,0,7,0,0,0,0,0,0,0,0,0,0,0,0,0,0,0,0,0,0,0,0,0,0,0,0,0,0,0,0,0,0,0,0,0,0,0,0,0,0,0,0,0,0,0,0,0,0,0,5,0,0,0,9,5,8,0,0,0,0,0,0,0,0,0,0,0,0,0,0,0,0,0,0,0,0,0,0,0,0,13,0,0,0,0,0,0,0,0,0,0,0,15,0,0,25,0,0,0,0,8,0,0,3,0,0,0,0,0,0,0,3,0,0,12,0,0,0,0,0,3,0,0,0,0,0,4,11,5,6,0,0,0,0,0,0,0,0,3,0,0,0,0,0,0,0,0,0,0,0,3,2,0,0,0,0,6,0,0,0,0,0,0,0,0,3,0,0,0,0,0,0,0,0,0,0,0,0,3,2,0,0,0,0,4,0,0,0,0,23,0
Clostridia_UCG-014,0,0,0,8,0,0,0,0,0,0,0,0,0,0,0,0,0,0,0,0,0,0,0,0,4,8,0,0,0,8,0,0,0,0,0,0,0,5,0,2,0,0,0,0,36,0,0,3,4,0,0,0,0,0,0,0,0,0,0,0,0,0,0,0,0,0,0,8,0,5,0,0,0,0,0,0,0,0,0,0,0,0,0,0,0,0,0,0,0,0,4,0,63,55,5,112,27,0,6,0,0,0,0,0,0,0,0,0,0,0,0,0,0,0,0,0,0,0,0,0,0,0,0,0,0,0,0,0,0,0,0,0,0,0,0,0,0,0,0,0,3,0,0,0,0,0,0,0,0,0,0,0,0,0,0,0,0,0,0,6,0,0,0,0,0,0,0,0,0,0,0,0,0,0,0,0,5,13,0,9,0,0,0,0,0,5,0,0,58,4,0,13,10,0,5,0,0,0,0,0,0,0,0,0,0,0,0,0,0,0,0,0,0,0,0,0,0,0,0,0,0,0,0,0,0,0,0,0,0,0,0
Clostridia_vadinBB60_group,45,24,106,42,48,42,16,7,58,24,22,83,55,102,105,66,120,90,81,103,115,77,32,220,149,166,146,6,103,233,18,10,87,385,8,214,78,50,114,43,14,56,42,20,75,73,22,215,116,23,102,32,9,124,14,0,24,7,5,0,51,8,98,53,5,107,37,57,0,182,78,186,32,9,94,36,9,82,141,45,174,14,5,164,6,4,37,19,18,82,13,49,46,90,51,41,51,50,58,21,183,49,113,119,170,184,147,111,53,13,148,129,27,45,32,0,285,24,53,40,59,94,315,181,50,125,46,48,335,90,168,133,46,7,39,57,12,48,27,38,76,18,42,18,0,14,49,59,93,177,136,11,68,72,15,62,57,54,127,127,54,164,175,97,164,6,162,64,110,67,52,111,4,85,35,26,105,99,63,71,117,76,128,10,78,35,26,48,60,74,56,48,52,6,16,112,48,149,45,79,164,41,50,160,272,92,78,46,68,100,139,101,23,74,19,121,230,17,51,0,24,20,163,45,113,6,38,80,54,36,74
Colidextribacter,50,279,114,162,178,112,115,42,87,75,82,61,171,218,178,208,104,316,319,231,254,179,94,475,93,251,245,14,121,256,29,153,56,361,58,285,175,178,365,125,234,199,209,328,166,173,72,344,161,112,197,66,146,201,75,182,102,451,267,258,318,351,168,131,73,56,144,204,105,224,80,229,71,172,128,162,39,211,77,134,121,156,25,131,10,83,77,170,145,177,146,75,172,133,219,176,195,74,168,136,99,79,327,200,196,436,99,369,206,108,269,240,142,96,215,188,112,46,56,53,238,87,160,83,159,131,57,225,101,281,85,173,108,82,51,85,106,243,130,261,102,147,152,143,27,223,110,92,14,61,148,186,148,140,171,132,111,197,172,234,128,125,89,55,193,38,160,138,259,212,135,261,281,200,116,145,143,155,85,184,132,99,160,45,95,193,57,119,62,255,172,229,138,133,67,127,240,129,83,99,134,247,224,114,278,302,186,139,439,268,123,319,60,172,260,122,308,264,66,79,147,37,274,251,326,118,103,134,89,165,231
Eggerthellaceae,0,0,0,0,0,0,0,0,0,0,0,0,0,0,0,0,0,0,0,0,0,0,0,0,0,0,0,0,0,0,0,0,0,0,0,0,0,0,7,0,0,10,0,0,0,0,0,0,0,0,0,0,0,0,0,0,0,0,0,0,0,0,0,0,0,0,0,0,0,0,0,0,0,0,0,0,0,0,0,0,0,0,0,0,0,0,0,0,0,0,0,0,0,0,0,0,0,0,0,0,0,0,0,0,0,0,0,0,0,0,0,0,0,0,0,0,0,0,0,6,0,0,0,0,0,0,0,0,0,0,0,0,0,0,0,0,0,0,0,0,0,0,0,0,0,0,0,0,0,0,0,0,0,0,0,0,0,0,0,0,0,0,0,0,0,0,0,0,0,0,0,0,0,0,0,0,0,0,0,0,0,0,0,0,0,0,0,0,0,0,0,0,0,0,0,0,0,0,0,0,0,0,0,0,0,0,0,0,0,0,0,0,0,0,0,0,0,0,0,0,0,0,0,0,0,0,0,0,0,0,0
Enterobacteriaceae,0,8,8,0,0,0,0,0,0,0,0,4,0,0,8,0,0,0,0,27,0,0,0,10,6,0,6,0,0,0,0,0,0,0,0,0,0,0,0,0,4,0,0,4,0,0,0,4,0,0,0,0,0,0,0,34,0,0,0,0,0,3,0,0,0,0,6,0,0,6,0,5,0,4,0,3,5,0,0,30,7,0,5,6,0,0,6,4,0,7,0,0,0,0,7,0,0,11,3,0,0,0,0,0,5,0,0,0,0,0,0,7,4,6,0,0,0,0,0,0,0,10,4,0,0,0,0,38,6,0,0,0,5,0,0,6,10,0,0,11,0,0,5,0,0,0,8,4,0,0,0,0,3,0,0,0,0,7,0,4,0,0,0,0,0,0,0,0,5,0,0,0,0,0,0,19,0,0,0,8,0,0,0,5,3,0,0,0,0,0,0,0,0,0,0,0,0,0,6,8,0,5,7,0,0,21,3,0,0,0,0,0,3,0,0,0,0,0,0,5,0,0,0,0,7,0,47,0,0,0,0
Enterococcus,0,15,0,0,0,0,0,0,0,10,0,0,16,0,10,6,0,14,0,21,0,0,0,0,0,0,7,0,25,0,0,6,0,0,0,0,0,0,0,0,0,0,15,14,0,0,0,0,0,11,0,0,14,0,0,14,0,0,12,0,4,17,0,0,0,0,0,108,0,11,0,12,0,6,0,0,0,0,0,22,0,0,0,0,0,0,0,0,9,0,0,0,11,0,15,0,0,0,14,0,19,10,0,12,0,15,0,0,0,11,9,0,13,0,0,18,0,14,0,0,0,18,0,0,0,0,0,29,27,0,0,0,10,0,0,0,30,0,0,29,8,14,0,0,0,0,0,0,0,0,9,9,0,0,0,0,0,47,0,0,16,0,0,13,0,0,8,19,0,9,15,0,9,0,0,26,0,0,0,0,0,0,0,8,0,19,0,29,0,0,12,0,0,14,0,0,0,0,0,19,0,0,18,0,0,19,0,0,13,0,0,13,0,0,0,0,18,36,0,0,10,0,0,0,0,0,45,19,0,24,0
Enterorhabdus,249,370,307,214,74,181,122,207,705,92,145,441,92,109,379,79,50,259,377,227,454,71,169,654,103,137,268,8,133,192,176,170,349,101,124,286,193,259,462,153,136,558,260,253,139,219,74,188,163,100,102,340,184,505,271,139,121,1015,115,262,209,149,58,95,60,195,166,260,103,463,58,307,327,162,269,307,91,159,202,233,516,322,264,538,139,270,230,378,193,344,57,166,146,137,123,76,420,205,359,154,119,454,179,174,122,136,140,166,132,59,68,235,61,138,112,160,178,302,154,313,942,178,265,109,149,407,26,282,390,255,143,118,314,86,75,821,196,369,167,237,313,112,168,375,124,131,106,162,268,258,131,313,167,187,97,311,94,332,180,215,287,441,177,157,227,188,156,492,351,292,227,226,51,271,121,151,135,325,122,214,232,118,342,172,223,362,208,129,313,423,103,141,121,157,110,391,158,365,293,193,94,332,149,519,279,197,392,216,291,243,221,236,227,116,65,293,655,155,91,290,119,51,226,214,533,76,165,164,100,119,140
Erysipelatoclostridiaceae,21,128,20,12,95,8,20,63,43,16,105,46,0,22,21,0,0,0,21,118,20,4,22,54,21,23,13,0,50,156,8,140,16,3,0,0,0,19,6,10,35,24,0,5,0,3,4,4,0,0,0,9,27,45,0,3,0,76,21,29,6,5,0,0,4,7,16,173,14,0,0,22,0,0,0,0,5,0,0,27,0,15,138,45,29,90,26,35,147,29,5,214,53,35,29,21,21,25,10,10,31,24,105,239,41,52,402,90,138,124,44,31,271,38,20,593,47,30,60,9,0,3,0,0,15,0,0,10,7,13,27,27,0,0,0,74,45,26,30,44,38,13,66,70,11,77,12,42,94,44,32,144,20,24,52,28,16,133,27,31,28,16,15,337,53,9,138,22,50,289,14,0,0,8,10,46,4,29,84,45,23,21,18,0,271,20,8,284,20,32,152,7,5,113,6,36,39,26,24,211,41,20,37,15,12,37,20,11,44,22,56,85,48,9,289,33,47,40,50,228,373,6,84,615,38,0,0,7,7,209,38
Erysipelotrichaceae1,27,2,39,7,0,15,36,0,60,12,37,7,10,0,22,15,0,36,89,0,35,4,0,36,3,12,0,0,0,0,2,32,8,9,0,19,0,4,27,15,0,17,2,4,0,0,0,10,24,0,19,5,34,17,10,0,5,19,16,0,0,4,0,0,0,14,28,6,77,95,47,10,15,9,0,0,0,0,0,10,9,30,0,41,0,0,2,5,0,5,19,7,21,8,4,9,11,29,19,6,0,4,26,2,8,8,0,16,0,49,0,5,48,5,46,0,21,26,0,17,103,0,21,0,18,2,0,9,3,47,33,10,79,42,8,24,13,35,4,11,16,15,0,105,0,41,6,0,0,0,0,0,0,0,0,0,7,5,47,0,7,7,14,219,42,12,49,46,14,28,15,3,55,0,0,5,8,15,71,18,0,0,11,3,7,6,4,28,5,17,12,25,6,2,5,2,0,0,10,39,4,0,3,0,0,5,0,0,0,0,0,14,0,18,4,8,13,25,0,20,13,0,34,0,40,0,5,12,0,0,4
Erysipelotrichaceae2,12,35,6,9,31,11,13,4,6,5,12,0,14,0,25,15,0,15,27,24,18,0,5,26,5,6,5,0,22,5,0,44,5,5,0,17,10,22,20,0,21,0,26,30,5,13,9,64,8,23,14,0,19,13,17,60,7,27,7,6,15,26,8,7,33,17,15,87,13,47,6,24,36,20,5,6,0,12,8,3,13,11,3,6,5,4,10,18,34,13,8,0,7,2,0,15,4,0,10,13,5,6,29,0,31,42,0,30,28,10,7,21,21,5,38,0,6,14,17,3,87,17,31,0,8,14,4,7,14,0,0,0,24,7,7,20,12,6,0,12,0,9,9,17,3,0,13,6,9,17,16,13,19,18,21,10,8,23,12,12,9,10,4,21,10,6,36,10,22,11,6,41,88,76,8,20,6,13,20,8,7,24,24,9,5,6,0,40,0,27,18,9,4,14,10,14,19,11,20,73,7,11,3,0,9,12,18,2,15,14,8,28,14,12,14,15,21,46,16,19,26,0,23,36,17,4,5,8,10,0,9
Escherichia-Shigella,6,0,0,0,0,0,0,0,0,0,4,0,0,5,0,3,0,0,0,33,0,0,0,0,0,3,0,0,0,7,0,0,2,0,6,0,0,6,13,8,0,10,6,0,0,0,0,0,0,0,0,0,0,7,0,0,5,0,0,6,0,0,0,0,0,0,0,7,18,4,0,0,4,0,3,4,0,0,0,32,0,0,0,7,0,0,0,0,0,0,0,7,7,4,0,0,0,9,0,0,4,4,0,0,0,0,6,6,9,4,0,0,0,0,6,0,5,0,0,0,0,0,0,0,4,3,0,38,0,0,0,0,0,0,0,0,0,0,0,0,0,0,0,0,0,0,0,0,0,0,0,0,0,0,5,0,0,0,5,0,6,8,0,4,5,0,0,6,4,0,0,0,10,0,0,20,3,0,0,0,0,5,0,0,0,0,0,0,0,10,0,0,3,0,0,0,7,0,0,0,0,0,0,0,0,28,0,0,5,0,5,4,0,0,0,0,7,0,5,0,0,0,4,5,0,0,33,0,0,0,7
Eubacterium_brachy_group,4,15,5,0,0,0,31,0,0,9,6,0,13,5,20,8,0,8,37,4,15,10,3,22,8,6,18,3,0,11,0,15,0,0,0,0,0,5,0,0,0,0,11,9,6,19,0,16,7,8,12,0,0,0,0,0,0,37,16,15,10,18,9,8,0,3,0,2,0,8,13,7,7,25,8,9,3,12,2,8,4,0,0,0,0,0,3,15,0,8,7,2,0,5,8,3,0,0,13,7,0,0,0,0,5,0,0,0,7,9,8,20,9,3,0,0,0,17,0,4,61,0,10,0,3,8,0,15,19,16,10,12,8,0,7,14,4,22,6,2,5,0,0,26,4,13,0,0,0,0,6,6,10,2,5,7,0,2,0,15,5,0,4,0,0,16,3,16,13,14,4,7,0,14,9,8,7,3,0,14,2,16,7,0,0,5,0,0,0,13,3,13,10,0,0,0,9,3,17,4,6,14,21,3,13,13,7,4,25,15,4,9,3,18,9,4,17,12,3,6,0,0,6,0,37,9,3,8,3,6,12
Eubacterium_nodatum_group,3,51,18,4,13,13,9,7,18,17,16,20,0,9,13,4,4,15,7,18,10,5,10,26,16,17,19,0,9,34,13,53,22,14,3,21,4,11,26,4,21,10,26,22,10,15,5,36,5,9,8,8,12,18,11,30,9,28,10,12,4,9,8,0,0,0,0,7,0,65,6,31,44,34,7,0,0,0,9,14,11,30,30,34,5,0,3,21,22,23,8,26,20,17,26,11,20,18,12,10,23,12,51,53,25,38,49,43,21,26,12,14,38,8,0,0,0,18,7,10,36,17,19,0,5,0,0,8,12,0,0,0,30,13,9,23,23,17,10,18,10,9,11,13,0,19,0,21,36,24,15,15,14,14,9,10,0,19,6,7,13,4,9,42,30,8,17,22,9,17,5,17,11,20,7,9,4,11,8,13,0,0,7,9,22,0,0,12,7,10,18,4,6,17,6,8,13,10,14,28,17,4,0,0,16,22,11,0,9,6,7,18,0,6,0,4,12,22,4,22,54,0,31,46,13,6,8,15,0,19,5
Eubacterium_ventriosum_group,0,0,0,0,0,0,0,0,0,0,0,0,0,0,0,0,0,0,0,0,0,55,0,24,0,0,0,0,0,0,0,0,0,0,0,0,0,0,0,0,0,0,0,0,0,0,0,0,0,0,0,0,0,0,0,0,0,0,0,0,0,0,0,0,0,0,0,0,0,0,0,0,0,0,0,0,0,0,0,10,0,0,0,0,0,0,0,0,0,0,0,0,0,0,0,0,0,0,0,0,4,0,0,0,0,0,0,0,0,0,0,0,0,0,0,0,0,0,0,0,0,0,0,0,0,0,0,0,0,0,0,0,0,0,0,0,0,0,0,0,0,0,0,0,0,0,0,0,0,0,0,0,0,0,0,0,0,0,0,0,0,0,0,0,0,0,0,0,0,0,0,0,0,0,0,0,0,0,4,0,0,0,0,0,0,0,0,0,0,0,0,0,0,0,0,0,0,0,0,0,0,0,0,0,0,4,0,0,0,0,109,0,90,111,164,128,50,151,103,0,0,0,0,0,0,0,0,0,0,0,0
Eubacterium_xylanophilum_group,60,56,53,115,0,55,268,11,77,34,0,40,227,146,119,110,0,86,389,257,227,191,365,437,87,472,230,15,219,138,80,441,61,319,30,163,123,61,233,61,221,81,120,76,60,124,42,182,77,246,50,95,316,154,71,11,51,261,194,173,22,36,14,161,0,87,148,57,222,19,0,23,132,640,63,299,46,356,321,86,155,281,0,327,23,13,42,149,26,160,83,46,65,64,83,52,118,49,99,39,239,75,18,18,13,0,0,21,15,26,0,10,34,55,0,14,11,177,0,43,239,92,120,57,137,87,19,174,210,139,314,120,83,35,80,278,73,229,29,72,106,155,174,248,50,291,111,92,436,104,82,114,119,95,25,58,62,84,63,90,104,55,87,59,101,98,177,133,110,141,73,92,12,147,68,42,112,56,143,134,72,223,51,45,60,98,19,134,29,103,133,106,96,58,77,35,151,81,193,21,91,111,128,79,122,193,96,102,180,133,59,729,45,65,16,47,239,78,66,140,62,29,196,32,226,41,56,92,103,70,115
Family_XIII_AD3011_group,0,0,0,0,5,0,2,0,0,0,0,0,0,0,0,0,0,0,0,0,0,0,0,0,0,0,0,0,0,3,0,0,0,0,0,0,0,0,0,0,0,0,0,0,0,0,0,0,0,0,0,0,0,0,0,0,0,0,4,0,0,0,0,0,0,0,0,0,0,0,0,0,0,0,0,0,0,0,0,0,0,0,0,4,0,0,0,0,0,0,0,0,0,0,0,0,5,0,0,0,6,0,0,0,0,0,0,0,5,5,4,4,0,0,0,0,0,0,0,0,0,0,0,0,0,0,0,0,0,0,0,0,10,0,0,0,0,0,0,0,0,0,0,0,0,0,0,0,0,0,0,0,0,0,0,0,0,0,0,0,0,0,0,0,2,0,0,0,0,0,0,0,0,0,0,0,0,0,0,0,5,3,0,0,0,0,4,0,0,0,0,0,0,0,0,0,0,0,6,5,0,0,0,0,0,0,0,0,0,0,6,0,0,0,0,0,0,0,0,0,0,0,0,0,0,0,0,0,0,0,0
Family_XIII_UCG-001,7,70,36,32,24,20,86,13,16,12,15,7,30,16,22,46,12,31,57,19,34,15,14,70,11,34,41,3,5,27,10,16,11,34,6,20,27,25,40,23,25,17,32,33,9,11,0,12,29,5,35,29,13,13,13,0,25,95,38,42,43,43,36,19,4,0,67,12,0,26,23,12,15,27,13,18,6,27,4,20,7,58,0,14,4,12,13,38,16,38,21,14,26,11,37,17,21,11,30,32,36,12,5,4,7,43,0,26,12,36,13,15,14,17,0,0,0,31,5,0,116,16,39,7,19,20,0,23,27,32,15,23,25,22,12,25,17,27,7,37,18,35,30,126,21,34,19,6,10,0,17,47,39,20,32,28,30,29,20,69,9,17,21,10,39,20,27,56,73,70,40,0,3,0,25,36,30,12,30,20,5,42,20,9,4,67,9,19,8,38,36,72,15,24,20,8,39,27,28,14,14,47,42,20,34,49,36,18,81,34,14,56,7,28,18,19,41,40,4,26,19,0,26,15,105,9,11,18,45,56,45
GCA-900066575,32,153,140,77,105,64,154,52,50,47,100,54,94,73,84,79,49,71,361,173,145,74,112,258,42,118,132,0,18,80,17,110,29,93,57,112,106,103,124,51,87,54,93,89,29,82,26,137,56,57,65,34,92,109,23,192,45,238,183,89,98,116,73,62,59,28,304,276,35,138,51,134,42,40,68,98,40,130,65,115,63,127,22,141,7,127,76,120,135,134,118,134,68,54,123,161,79,59,112,97,69,42,264,83,94,1227,27,641,265,255,188,244,137,76,74,147,62,159,118,27,136,38,79,33,80,88,32,91,350,238,136,212,71,56,48,34,55,83,6,162,76,108,103,221,36,98,44,59,35,46,48,129,94,68,82,126,82,90,66,184,60,123,70,115,102,27,120,105,191,140,94,56,138,85,39,70,59,75,88,97,88,103,100,17,60,65,26,55,56,88,66,119,103,88,80,65,108,128,71,78,62,174,94,77,166,146,130,81,197,175,58,235,42,96,188,166,176,100,25,185,150,45,141,361,237,42,146,56,93,126,115
Harryflintia,0,0,0,0,0,0,0,0,0,0,0,0,0,0,0,0,0,0,11,0,14,0,0,0,0,0,0,0,0,0,0,0,0,8,5,0,10,0,0,0,0,0,0,0,0,0,0,0,0,0,0,0,11,11,0,0,0,0,0,0,0,0,0,0,0,0,0,0,0,0,0,0,0,0,0,0,0,0,0,0,0,0,0,0,0,0,0,0,0,0,0,0,0,0,0,0,0,0,0,0,0,0,0,0,0,0,0,0,0,0,0,0,0,0,0,0,0,0,0,0,0,0,0,0,0,0,0,0,0,0,0,0,0,0,0,0,0,0,0,0,0,0,0,0,0,0,0,0,0,0,0,0,0,0,0,0,0,0,0,0,0,0,0,0,0,0,0,0,0,0,0,0,0,0,0,0,0,0,0,0,5,0,0,0,0,0,0,0,0,0,0,0,0,0,0,0,0,0,0,0,0,0,0,0,0,0,0,0,0,0,0,0,0,5,0,0,0,0,0,0,0,0,0,0,0,0,0,0,0,0,0
Incertae_Sedis,67,526,446,598,325,414,365,130,127,135,310,112,423,652,367,779,411,353,909,666,592,510,345,1467,269,588,587,0,154,192,80,448,126,724,226,272,428,435,580,162,1117,373,641,777,126,355,144,423,435,320,435,81,656,505,156,578,257,1676,744,524,705,1572,346,193,359,70,907,738,527,254,287,505,95,549,295,350,180,961,141,582,315,499,577,603,26,352,208,504,210,649,477,194,258,216,301,374,292,168,363,421,198,158,1146,298,379,1534,523,804,320,649,548,569,328,155,273,67,60,186,63,73,1726,234,487,108,492,180,82,588,484,559,346,334,274,96,189,162,400,589,230,476,210,389,548,1371,221,822,290,137,252,155,275,434,639,172,532,290,314,420,284,499,391,282,275,126,451,247,446,861,546,552,456,417,34,737,234,391,197,193,195,256,158,209,307,78,158,457,51,287,201,555,327,881,283,198,300,165,911,310,283,162,187,757,608,212,413,423,563,255,600,492,204,844,148,412,42,384,1008,475,88,214,169,71,485,68,2177,173,178,294,299,334,602
Intestinimonas,40,116,131,132,90,66,137,37,57,58,88,34,135,72,104,135,48,139,168,84,79,128,77,357,30,31,76,0,0,76,13,0,17,171,17,162,94,45,215,60,99,138,192,79,61,111,38,143,150,37,209,31,63,98,45,41,84,199,133,92,136,124,120,77,41,32,255,69,52,184,49,160,93,64,116,148,17,163,42,55,102,166,0,146,12,20,92,146,29,159,101,39,22,56,65,124,60,10,84,123,36,54,85,19,116,298,3,218,37,116,82,167,59,86,155,0,12,41,23,11,358,8,104,40,34,81,9,57,185,53,38,37,127,36,39,64,35,115,18,75,94,148,77,360,34,78,95,66,29,30,20,73,62,56,47,127,81,44,97,151,73,62,34,26,88,65,39,115,133,97,76,133,0,144,63,59,110,92,81,123,88,60,110,20,23,111,10,41,27,134,61,149,91,50,45,33,77,59,114,37,55,95,59,23,104,102,126,85,177,128,27,84,49,129,19,43,274,75,12,69,43,9,78,63,222,101,101,120,110,172,195
Lachnoclostridium,139,877,407,685,418,319,506,224,227,160,312,226,535,572,368,538,901,485,597,2884,383,316,212,1106,160,1038,493,21,440,421,147,997,118,526,411,438,308,700,721,338,1055,455,663,2036,198,511,129,602,399,365,497,175,1035,344,138,793,256,945,1288,297,417,1820,312,374,1485,136,686,4523,365,643,300,748,251,1114,355,390,1049,585,191,666,318,541,3244,557,64,471,270,467,491,471,289,186,227,188,284,347,186,125,342,355,371,188,1010,2667,555,1740,2279,992,557,1919,832,641,1203,257,1110,1483,154,257,481,90,1629,243,358,103,423,289,83,573,747,751,503,479,300,229,127,656,229,459,149,1577,221,728,524,1639,245,618,205,182,273,156,183,708,289,260,435,495,488,421,349,711,375,300,165,198,332,384,303,570,601,604,466,246,882,462,181,313,224,289,701,496,303,782,356,55,200,443,97,472,155,474,498,552,417,362,222,220,764,332,548,227,209,439,343,226,476,503,314,335,633,570,177,646,117,297,1416,268,1110,498,127,599,461,77,686,598,1128,232,355,376,331,428,479
Lachnospiraceae1,269,2887,866,1213,2870,665,1874,776,479,497,1262,431,1015,1135,722,958,842,849,1079,873,717,1253,872,2018,543,1433,1551,44,447,914,577,1991,457,1553,1717,912,770,1189,1245,798,1420,715,516,1016,253,672,440,608,630,317,658,450,1558,854,654,1114,610,2096,1985,1005,1208,2179,849,536,478,364,1429,3176,461,1186,1544,1237,376,1443,936,746,1344,1099,661,2198,997,1269,1626,877,76,1126,524,946,990,1056,1168,815,684,577,1348,769,621,888,939,861,1277,468,1666,583,1055,1027,299,1283,1086,3333,1687,854,2089,597,1571,663,287,756,1611,134,973,572,619,259,1148,562,260,2040,2298,1071,1362,855,1034,735,400,704,1462,1043,518,3798,555,1503,2926,2137,491,3115,488,484,747,431,441,517,832,797,1656,1297,859,1124,1014,1319,1072,923,478,657,862,506,951,1231,1771,1940,888,577,3550,1069,580,1203,611,603,1619,1120,512,1628,750,330,446,975,242,1032,388,809,1175,1365,834,816,286,425,1726,560,983,980,705,1197,1237,624,1122,1694,993,757,1826,1234,460,4041,249,936,1287,699,1292,1355,214,782,1102,130,1297,699,2496,570,931,853,907,1155,1102
Lachnospiraceae2,193,1445,561,1588,551,419,1020,109,242,396,502,217,839,593,825,1074,232,1047,1062,958,467,728,327,1505,375,954,1247,95,204,953,246,380,301,1168,378,810,592,577,1197,631,790,713,1269,729,436,712,261,612,943,390,1187,301,471,352,150,426,385,2580,743,715,1319,1013,512,313,259,93,1118,574,389,1288,388,714,311,423,464,653,349,759,211,617,300,866,41,575,40,526,389,440,326,549,904,541,376,459,759,469,532,315,780,951,364,209,437,68,482,537,86,542,519,469,626,754,309,524,1470,85,167,288,286,157,1910,206,743,301,623,492,169,462,939,420,377,469,700,218,308,907,415,1189,469,1685,469,1597,1097,1506,351,1150,796,632,628,678,359,458,875,711,581,462,380,417,908,1032,538,387,637,221,1351,682,335,513,1964,745,595,1002,599,988,571,450,534,636,390,1020,545,862,595,71,214,1024,209,374,357,1312,454,1727,992,370,325,396,599,365,605,370,1018,745,438,465,767,906,501,295,867,603,409,1923,186,1078,720,578,2002,679,301,219,299,84,1059,357,1837,446,754,964,825,1412,1663
Lachnospiraceae_FCS020_group,47,705,160,78,210,56,214,404,162,38,171,45,150,315,105,178,306,104,234,662,74,31,14,194,216,407,91,15,105,47,11,625,25,111,156,66,71,238,268,83,615,63,155,695,32,95,63,50,148,206,65,72,94,74,97,39,44,159,88,44,216,588,65,369,287,75,187,212,42,161,15,199,36,896,114,75,35,83,19,65,33,61,13,15,19,65,47,175,139,92,139,84,63,63,170,58,77,240,56,99,192,24,58,46,139,145,4,78,15,88,22,181,49,32,184,178,44,8,14,21,145,0,45,32,226,51,7,36,136,83,11,72,145,0,98,46,152,17,103,445,41,29,22,66,107,133,66,52,100,10,68,24,171,78,123,61,350,247,90,137,74,79,12,9,26,104,17,233,63,88,34,206,42,131,86,362,17,66,36,183,118,98,34,60,15,56,11,45,12,76,36,61,81,85,41,48,112,131,20,19,11,161,110,68,88,311,132,94,410,41,77,141,70,30,57,32,166,235,58,7,7,3,51,18,106,24,172,67,65,179,107
Lachnospiraceae_NK4A136_group,937,2198,2370,2229,3253,1612,2425,442,1265,1488,2438,1234,5524,2137,4226,6459,1576,5622,6484,2276,5451,3901,1365,4082,1459,6232,3265,292,3714,5249,990,4576,1544,7223,748,4429,3215,2176,4724,2233,3240,3292,3952,2940,2022,3963,973,6538,5409,1468,5174,1228,1552,2492,1208,1006,2833,4543,1256,1824,5214,2760,2745,2290,315,1148,5550,1136,3002,5805,2761,4716,872,2584,5618,3480,454,5871,1113,1321,2856,3873,175,5613,250,1106,1296,981,1345,2547,3638,5781,2027,2132,2744,2079,2650,1469,2842,2700,2065,1208,4057,1854,3635,3722,520,3054,1859,2003,1447,3635,2288,2037,1404,195,962,811,440,912,1304,776,2313,1232,2663,1807,428,1719,3332,1562,4821,2145,1266,1698,914,1797,5014,3334,1097,3405,1569,1790,3841,1959,329,5451,1828,1452,1518,1318,1667,875,3078,1691,2213,2241,1063,2131,2540,1948,2520,2631,1493,720,1654,330,1214,1785,4904,1257,1871,1426,546,1874,1729,1738,2564,1617,2521,3244,1827,2760,2055,673,332,2556,961,591,1400,2978,1263,3514,2283,659,780,867,1202,1849,1886,5887,2226,841,2041,1715,3142,4150,1096,1170,3061,2288,2167,6301,956,3515,2839,2635,3169,2177,690,481,2774,422,3286,3100,3081,2683,3963,5743,1580,6327,4567
Lachnospiraceae_UCG-001,623,12650,1861,3070,2044,1159,660,1404,1336,1193,78,1555,763,401,874,128,62,150,147,629,466,66,84,474,845,1094,2691,0,86,1085,564,102,1377,116,83,315,1799,617,4234,2120,135,115,121,186,42,78,50,124,73,60,117,269,153,1059,491,87,1999,3401,120,1841,4613,183,2522,58,138,79,4924,430,84,152,153,661,54,194,134,111,212,111,54,520,77,94,79,114,83,965,1484,817,1472,1121,4433,108,2094,2728,3867,1587,1399,465,3418,1789,482,2126,1456,109,606,1246,72,2205,1696,4937,711,1361,4978,2085,659,57,860,635,84,376,473,743,2012,817,2161,807,165,2560,2595,590,696,772,1415,1346,905,2073,5628,2055,974,644,887,2005,883,1624,157,1964,2128,1485,432,867,1141,1049,4348,985,3168,1644,1062,2949,2318,1455,961,1509,1922,2593,2031,126,1060,1012,6925,2260,1352,1529,113,3530,604,2090,1922,1217,2258,3165,1305,2578,1241,269,998,1492,1263,3327,1475,1916,3094,3070,2624,2064,634,455,4424,2340,1214,4525,1678,416,2622,1421,2774,3951,1137,881,3634,1717,1241,535,350,3887,97,3093,1519,3521,425,269,3612,286,3381,2406,3375,43,246,89,751,111,2228
Lachnospiraceae_UCG-004,0,0,0,0,0,0,0,0,0,0,0,0,15,24,0,8,9,12,0,0,0,9,0,7,0,0,0,0,0,0,0,0,0,0,0,0,0,0,0,0,0,0,23,41,0,17,33,26,12,0,32,0,0,0,0,0,0,0,0,0,0,0,0,0,0,0,0,0,0,13,0,13,0,0,7,0,0,0,0,0,0,0,0,0,0,0,0,0,0,0,0,17,0,9,10,0,0,0,8,0,0,0,0,0,5,0,0,0,0,0,0,14,0,0,0,0,0,0,0,0,0,0,0,0,0,0,0,0,0,0,0,0,0,0,0,0,0,0,0,0,0,0,0,0,0,0,0,0,0,0,0,0,0,0,0,0,5,0,0,0,0,0,0,0,0,0,0,0,0,0,0,0,0,0,0,0,0,0,0,0,0,0,0,0,0,6,0,0,0,0,0,0,0,0,0,0,0,0,0,0,0,0,0,0,0,0,0,0,0,0,0,0,0,0,0,0,0,0,0,0,0,0,0,0,0,0,0,0,0,0,0
Lachnospiraceae_UCG-006,27,320,102,164,102,131,405,59,45,35,109,58,97,158,50,115,131,72,291,385,124,98,102,319,62,85,77,10,40,38,29,127,22,65,181,89,115,113,264,101,231,177,144,321,99,422,31,153,52,106,97,54,389,36,31,120,40,286,97,173,78,183,76,204,295,60,121,220,114,45,197,99,30,235,51,139,321,141,19,494,46,123,670,44,19,141,45,116,223,117,86,35,30,42,143,151,73,35,109,120,47,41,722,6,90,280,0,125,108,8,344,163,42,34,422,196,0,34,25,16,1178,114,67,21,274,45,30,189,272,211,95,121,68,25,32,109,65,102,15,443,23,107,89,254,32,140,25,43,159,35,19,102,51,67,155,136,187,173,136,357,90,124,20,36,61,151,118,142,128,203,80,56,72,154,39,112,44,68,109,149,58,213,46,17,101,238,10,290,29,80,185,169,78,134,40,29,165,49,81,35,35,236,224,36,81,393,159,122,673,227,74,325,25,115,512,47,502,249,61,42,48,18,54,37,188,51,72,38,179,70,90
Lactobacillus,19153,4358,18025,4570,2942,6715,3473,10096,9332,11467,2272,11115,7118,7458,10375,2862,5411,18772,3959,6833,7870,4292,10269,22954,9479,6024,6476,277,7076,11625,5558,4823,14391,6825,19216,8842,4444,6658,12171,7041,2025,12073,17974,6366,7067,3363,3848,5258,4049,3930,2319,5439,15705,13596,16154,3055,14073,10671,6996,8333,2422,1848,1327,3854,1389,13910,1568,7452,10990,25785,3222,14735,8149,1424,10005,12487,11013,9649,16060,17188,16723,865,4711,10896,14870,10356,14154,18536,8373,10077,3103,9577,13828,16263,19158,3706,12386,21136,14873,15757,5221,11832,6434,6293,11411,11768,5011,11995,8735,4587,11429,1491,3459,11102,628,3635,12475,15543,10250,8514,17155,22704,7108,3244,19501,12893,1826,7284,21922,5980,7723,11118,15254,8145,4497,30138,7348,4001,2956,5146,11894,8582,4357,5667,2233,1810,3940,13129,3481,16905,6430,5982,4595,9578,9480,13496,6556,9360,10083,8991,21870,13115,8009,7220,10876,3455,5609,18356,4865,7703,5576,3603,2652,4707,4028,11553,3832,10801,7074,10661,12087,3476,15286,10485,6130,8496,9408,5933,11431,13778,4220,6568,1271,2288,3177,10214,4892,10421,13090,7969,9055,5437,2871,16288,7830,4865,10727,9735,4775,12081,11407,9805,4805,5450,1597,8148,14195,5455,12054,7655,8584,2030,14229,3754,2252,2485,28646,14084,8438,2831,9519
Listeria,0,11,0,0,7,0,0,0,0,0,0,0,0,0,0,0,8,0,9,38,13,10,0,0,0,7,9,0,0,12,0,0,0,0,0,0,6,0,12,0,4,0,0,0,0,0,0,0,0,0,0,0,0,0,0,11,0,16,0,6,5,0,0,0,0,0,8,7,0,10,0,0,0,6,0,8,0,0,0,30,0,0,0,0,0,0,0,0,0,0,0,0,0,0,0,0,6,0,0,7,0,0,0,0,0,0,0,10,0,0,0,0,0,0,0,0,0,0,7,7,14,6,0,0,0,0,0,52,0,0,0,8,0,8,0,0,0,6,0,0,0,0,0,0,0,11,6,0,0,0,0,7,10,0,0,0,4,0,12,0,6,0,0,0,8,0,0,0,9,0,0,0,7,0,0,23,0,0,0,0,0,8,0,0,0,0,0,0,0,0,0,9,0,0,0,0,0,0,0,0,0,0,0,8,10,34,0,0,0,11,0,0,0,3,11,0,0,0,0,0,3,0,0,0,8,0,49,0,0,0,0
Marvinbryantia,48,334,70,27,156,33,80,72,62,71,116,107,23,159,109,0,127,40,106,376,93,23,104,68,78,149,175,6,192,328,51,294,56,169,66,489,28,307,123,41,213,121,304,640,20,18,155,106,73,115,44,59,52,65,138,562,49,86,186,41,56,210,56,26,249,83,94,376,113,618,219,433,262,223,176,157,195,98,95,359,68,61,1556,60,35,41,37,84,415,91,51,223,269,94,142,104,69,56,56,64,280,29,334,211,290,132,164,127,241,208,114,67,296,47,326,936,444,143,97,32,18,76,23,14,19,14,17,103,74,84,74,162,243,140,20,78,99,31,30,103,54,16,106,28,14,83,22,35,58,61,67,232,35,66,126,48,32,445,83,65,85,57,40,131,116,23,38,76,87,88,26,43,39,64,59,98,32,50,187,40,74,142,52,90,121,35,44,90,42,107,107,35,25,136,16,99,124,70,170,52,168,38,55,24,60,121,53,26,110,41,92,58,36,53,211,36,25,308,63,48,27,10,163,0,42,34,77,38,36,49,24
Monoglobus,13,4,24,25,7,13,8,0,11,0,4,9,0,21,5,2,0,5,8,9,2,0,0,9,23,16,70,0,14,56,17,31,34,52,0,44,0,8,0,3,0,0,8,0,0,0,0,17,7,0,0,0,5,0,3,0,4,11,0,4,0,0,3,0,0,0,52,3,0,27,0,6,3,3,0,6,0,0,4,0,4,0,0,0,0,0,0,0,0,0,7,0,11,14,5,11,29,4,10,12,12,10,12,0,11,47,6,24,15,18,8,5,45,7,4,3,11,0,0,0,93,0,41,0,0,0,0,3,0,0,0,0,22,3,5,19,0,6,0,3,14,10,11,7,6,15,4,7,0,2,11,9,16,11,0,0,4,9,8,0,8,0,0,0,0,0,0,0,0,2,0,13,0,15,3,6,11,3,2,3,4,0,0,0,0,9,7,8,10,15,3,13,11,7,0,0,25,7,13,10,21,0,5,0,4,5,10,5,17,10,5,7,3,19,0,11,6,4,2,0,22,6,14,0,25,0,0,13,15,0,12
Mucispirillum,145,1947,451,464,66,882,19,23,32,92,2704,112,29,49,64,26,36,45,1453,605,1238,246,343,2881,738,359,1026,44,654,1128,274,460,295,868,1078,552,405,1734,2674,861,952,1670,1515,1079,329,1203,1523,1110,1160,603,3109,445,1740,257,378,307,1206,1067,579,995,2606,486,446,590,275,779,1669,4060,935,3893,116,828,83,623,302,1310,554,2743,440,601,506,1417,1153,384,43,394,259,263,251,419,1285,305,271,276,260,532,316,295,1186,1054,384,166,1173,869,704,1959,389,806,215,1825,987,312,594,223,1270,176,188,64,27,120,1030,412,432,8,239,31,51,1424,812,944,705,370,1133,415,56,283,255,766,13,309,24,992,850,1221,232,2923,630,335,286,340,344,37,794,202,1889,748,480,434,640,1230,614,463,109,178,430,914,381,618,1631,3182,1534,579,3460,667,22,109,21,452,474,1155,298,1487,361,195,264,490,145,232,761,1319,392,2336,560,1090,343,326,1116,434,144,521,417,966,181,251,428,1293,782,196,1238,401,227,7018,100,1780,81,741,1819,585,455,520,804,89,710,686,3078,353,1095,2651,1467,1010,2861
Muribaculaceae,3991,7174,4349,1696,2567,2201,5441,1045,9873,5059,825,8554,1723,2807,7287,1096,539,1718,5223,4913,7049,1446,648,4999,2135,2683,6841,111,841,7075,2513,3495,5366,2639,161,4809,2744,4308,12143,2137,7024,3843,4977,3910,2501,2159,459,6764,2773,913,1065,3852,612,11777,7162,3085,3890,6159,7282,5478,3241,4618,4446,3024,624,5177,2328,2705,6099,4184,2917,4727,6681,3791,2530,4958,1237,4815,6631,3232,8161,6359,1165,8116,3486,661,2560,7505,7136,7855,2876,1286,6559,6446,4177,4409,9232,1956,7105,4180,4209,5464,7873,4633,4126,9527,4909,11171,11663,5883,4395,6404,6687,3696,2884,3380,6368,7754,399,3925,2791,7104,5257,3068,1437,4371,1318,8821,16975,2898,4370,5153,12392,4106,2931,6049,3076,5747,3233,3304,4727,1452,3417,3043,704,3944,3748,4727,3954,6744,3897,4449,2259,5223,3959,6597,1690,11194,5646,3379,3810,6952,5604,5766,7832,3098,6119,9650,4408,7077,1462,2769,1314,2647,2658,6390,4135,3854,6709,3236,7097,6430,5535,4626,4626,4010,6765,6329,6910,5414,7063,2603,1122,2523,2152,4722,3308,6511,4690,5931,7088,3155,3026,8894,7411,5632,5874,1570,5790,4082,5313,2888,2763,5106,2365,5284,4382,4522,2915,2972,4871,522,15806,4789,1829,3668,2341,4675,1805,938,1742
Muribaculum,30,0,23,11,0,14,34,0,114,44,0,71,17,0,47,5,0,0,41,51,34,7,0,15,79,40,139,0,30,113,26,61,119,12,0,54,68,28,268,53,54,18,28,29,13,25,0,44,47,27,10,25,7,187,134,125,95,107,78,84,88,0,117,28,9,42,67,10,73,59,19,18,60,48,28,0,0,0,0,16,0,0,6,0,67,0,67,60,152,86,23,0,47,38,8,20,38,13,52,17,6,21,66,0,25,109,5,46,102,35,24,22,58,19,74,0,158,32,0,27,12,18,38,21,9,0,8,0,101,0,0,26,128,13,27,133,0,96,56,0,73,27,11,45,4,0,63,93,10,59,54,42,21,31,0,60,7,22,14,27,22,72,39,10,63,7,15,77,25,27,6,26,0,7,11,11,16,44,16,47,75,19,34,105,0,0,84,14,98,39,13,12,8,0,14,31,0,44,21,187,88,14,19,78,68,14,41,11,17,18,27,8,21,44,20,43,28,22,13,46,116,17,635,75,39,24,14,21,0,6,0
NK4A214_group,0,0,0,0,0,0,0,0,0,0,0,5,0,10,9,0,0,0,0,0,0,0,0,12,11,12,13,0,0,5,0,0,0,4,0,12,7,0,18,7,17,0,0,0,0,0,0,0,0,0,0,4,0,0,0,0,0,14,0,9,9,15,0,0,0,0,0,0,0,0,0,8,0,0,0,0,0,0,0,0,0,0,0,0,0,0,0,0,0,0,4,0,0,4,0,14,5,0,0,0,0,0,0,0,0,23,0,28,0,0,0,0,0,0,0,0,0,0,0,0,0,0,0,0,0,0,0,0,0,0,0,0,0,0,0,0,0,0,0,0,8,0,0,0,0,0,0,0,0,0,0,0,0,9,0,5,3,24,8,0,0,7,4,0,5,0,0,9,5,5,0,0,0,10,7,0,5,0,0,0,0,0,0,0,0,0,0,0,0,0,10,0,0,0,0,0,0,0,0,0,0,0,0,0,0,0,0,0,0,0,0,0,0,0,0,0,0,0,0,0,0,0,0,0,0,0,0,0,0,0,0
Odoribacter,0,7,0,0,0,0,0,0,0,3,0,0,136,0,365,0,0,0,0,12,3,0,0,0,0,0,2,0,0,6,0,0,3,0,0,8,5,16,7,171,3,584,0,3,2,0,0,0,6,8,0,4,0,0,0,0,3,8,4,0,0,4,0,0,0,0,0,25,7,0,0,731,0,0,0,5,13,0,4,94,0,0,0,3,0,17,5,0,10,0,0,0,6,0,0,0,0,3,0,4,28,0,1538,7,602,3,0,5,925,0,761,662,5,663,0,4,0,3,0,0,0,6,0,298,22,399,65,36,1775,579,1156,728,5,0,0,8,0,0,0,8,0,8,0,0,0,5,0,0,0,0,0,0,0,0,5,0,0,20,5,0,46,5,0,0,0,0,0,0,5,7,2,0,6,0,364,0,471,237,16,360,822,4,681,4,0,82,0,4,0,0,3,0,0,0,4,4,11,0,2,0,0,5,5,10,0,21,0,3,10,0,70,45,216,2,4,0,1024,0,544,0,0,0,0,2,0,2,20,0,0,2,0
Oscillibacter,60,465,174,81,199,100,185,26,71,96,236,45,165,319,183,264,137,334,200,139,158,220,128,479,101,146,463,27,29,310,32,62,77,371,54,385,302,158,561,194,203,209,246,179,132,98,15,148,232,82,285,64,73,275,76,42,157,798,186,335,292,451,196,76,12,23,392,80,132,175,174,205,65,260,129,64,47,268,76,157,84,154,0,191,13,94,75,102,121,271,253,124,129,141,313,211,177,103,203,200,228,91,239,10,128,678,6,376,97,19,112,198,56,84,222,13,51,116,49,62,119,82,211,79,308,156,59,369,270,103,109,263,160,78,102,49,73,289,85,161,108,193,68,353,30,331,133,61,66,71,178,82,261,155,83,182,116,133,226,286,95,120,147,55,279,83,293,254,432,177,161,179,0,106,187,170,250,166,193,159,54,78,76,45,73,249,33,122,117,292,131,406,182,228,80,91,238,124,135,178,200,264,333,128,221,464,229,131,709,194,123,141,66,176,0,165,488,73,74,81,170,31,454,165,623,169,114,172,260,366,373
Oscillospiraceae1,49,583,377,246,303,228,161,71,138,80,177,131,373,412,356,572,150,551,707,495,683,450,201,1521,225,307,871,43,122,274,62,68,232,778,141,671,514,236,1181,349,641,442,370,391,269,403,17,508,386,152,713,110,290,666,115,316,354,1548,520,738,604,991,485,246,67,72,884,121,329,562,91,379,139,223,350,234,105,454,223,224,319,200,12,560,37,92,260,322,227,606,272,130,256,224,453,374,226,155,464,287,201,199,363,27,311,702,20,598,173,564,322,531,350,179,196,0,64,123,55,138,386,119,463,149,412,403,145,656,793,306,420,375,252,96,156,111,259,448,187,392,182,313,380,478,44,306,389,234,134,186,302,188,436,225,395,305,234,265,410,394,326,311,149,180,417,51,335,419,770,424,362,596,0,646,217,338,295,217,287,349,181,513,313,64,139,595,92,284,209,487,325,565,411,394,166,269,747,299,133,198,298,413,499,316,486,767,559,290,872,516,223,654,167,259,30,437,752,270,113,200,196,56,595,309,650,206,186,237,240,276,478
Oscillospiraceae2,0,138,19,35,54,10,45,40,21,18,84,11,52,64,42,74,31,68,151,165,163,70,30,87,29,186,125,8,66,101,19,119,13,100,13,59,35,42,99,71,91,65,23,89,22,60,29,87,66,15,47,9,39,38,21,68,22,125,42,31,91,241,47,44,111,12,123,185,11,40,33,82,14,111,24,89,68,95,0,87,0,44,132,61,0,65,15,35,34,82,30,22,22,17,47,26,38,37,111,40,18,19,117,187,55,108,181,84,78,243,161,95,90,15,124,60,12,0,25,0,47,0,38,0,29,35,6,100,77,55,95,77,32,10,14,16,38,25,30,74,23,30,80,38,9,103,25,18,94,8,17,46,46,41,41,38,22,44,57,73,38,35,21,23,56,9,13,44,60,51,9,60,189,85,24,38,29,28,42,55,29,55,26,7,27,59,10,54,36,80,51,74,36,46,0,15,99,17,10,19,22,54,72,7,83,100,18,22,98,44,12,259,37,71,42,64,95,124,0,32,19,12,29,9,78,56,39,61,57,80,107
Peptococcaceae,10,61,15,19,28,14,18,8,18,15,15,9,12,60,22,10,41,17,34,99,34,6,8,35,15,35,33,0,20,28,7,40,10,20,12,27,27,47,44,25,80,14,6,100,5,25,7,34,13,22,22,10,17,24,9,40,12,37,71,29,19,105,37,20,48,14,41,187,15,17,24,26,0,45,7,13,36,15,7,66,0,22,0,18,3,19,14,9,15,6,16,0,22,10,25,25,22,14,27,22,27,13,61,8,16,82,0,48,29,18,37,28,67,9,26,70,25,15,12,3,21,8,14,7,23,17,5,53,52,18,14,43,30,22,14,12,11,21,6,109,9,14,31,24,7,50,17,5,0,6,16,36,28,18,27,16,11,34,20,36,27,25,5,20,25,6,14,17,28,28,17,18,99,32,12,15,17,14,44,33,9,0,19,0,13,22,12,54,26,20,32,28,12,25,7,10,39,8,16,7,13,18,27,18,41,52,23,10,53,18,20,20,0,18,46,39,22,39,8,0,5,0,37,0,27,8,0,8,14,0,0
Pseudomonas,0,0,0,0,0,0,0,2,0,5,0,0,0,0,0,0,0,0,0,11,0,0,0,0,0,0,0,0,0,0,0,0,0,0,0,0,0,0,0,0,0,0,0,0,0,0,0,0,0,0,0,0,0,0,0,0,0,0,0,0,3,0,2,0,0,0,0,0,0,0,0,0,0,0,0,0,4,0,0,21,0,0,0,0,0,6,4,0,0,0,0,0,0,0,0,0,0,6,0,0,0,0,0,0,4,5,0,0,0,0,0,0,0,0,0,0,0,0,0,0,0,6,0,0,4,0,0,28,5,0,0,0,2,5,0,0,0,0,0,0,0,0,0,0,0,0,0,0,0,0,0,0,2,0,0,0,0,0,0,0,0,0,0,0,0,0,0,0,0,0,0,0,3,0,0,16,0,0,0,0,0,0,0,0,3,0,0,0,0,0,0,0,0,0,0,0,0,0,0,0,0,0,0,0,0,17,0,0,0,0,0,0,0,0,0,0,0,4,0,0,0,0,0,0,0,0,11,5,0,0,0
RF39,0,0,0,0,0,0,0,0,0,0,0,0,0,0,0,0,0,0,0,0,0,0,0,0,0,0,0,0,0,0,0,0,0,0,0,0,0,0,0,0,0,0,0,0,0,0,0,0,0,0,0,0,0,0,0,0,0,0,0,0,0,0,0,0,0,0,0,0,0,0,0,0,0,0,0,0,0,0,0,0,0,0,0,0,0,0,0,0,0,0,0,0,0,0,0,0,0,0,0,0,0,0,0,0,0,0,0,0,0,0,0,0,0,0,0,0,0,0,0,0,0,0,0,0,0,0,0,0,0,0,0,0,0,0,0,0,0,0,0,0,0,0,0,0,0,0,0,0,0,0,0,0,0,0,0,0,0,0,0,0,0,0,0,0,0,0,0,0,0,0,0,0,0,0,0,0,0,0,0,0,0,0,0,0,0,0,0,0,0,0,0,0,0,0,0,0,0,0,0,0,0,0,0,0,0,0,0,0,0,0,0,0,0,0,0,0,0,0,0,0,0,0,0,0,0,0,0,0,0,0,0
Roseburia,229,2453,1390,2080,3273,522,1637,479,324,179,1126,224,2554,1943,709,1519,329,1197,793,936,970,945,1047,2081,278,1749,1054,146,1026,883,225,950,303,2055,904,985,644,877,1794,646,1676,1364,1749,1064,226,825,933,789,1052,607,1356,390,1340,587,367,964,863,2441,1163,1026,1780,905,607,780,730,284,1478,910,683,1070,1108,726,272,1307,461,1069,375,2170,364,820,973,3385,349,734,104,605,560,577,322,913,661,1209,352,392,1218,517,238,428,907,707,504,204,483,425,551,450,692,344,120,435,631,549,461,331,3211,41,172,476,1159,110,1082,131,812,105,875,268,73,835,428,368,1150,256,803,872,322,452,985,644,95,2749,324,1146,2112,3976,270,2497,735,194,419,192,277,283,1654,553,972,647,607,471,1080,1424,752,384,256,348,638,726,215,764,1186,1320,1472,478,3251,1935,451,607,575,326,954,907,425,1136,316,206,161,1264,166,328,251,948,361,1951,969,689,445,309,1416,498,1032,459,454,448,776,256,555,1758,729,227,2166,450,387,3507,292,1408,174,864,690,1191,145,444,1550,90,624,1468,3199,291,968,891,787,1318,1085
Rothia,0,5,0,0,0,0,0,0,0,0,0,0,0,0,5,0,0,2,0,4,0,0,0,0,0,0,0,0,0,0,0,9,0,2,0,0,0,0,0,0,4,0,0,0,0,0,0,0,0,3,0,0,0,0,0,5,0,0,0,0,0,6,0,0,0,0,0,15,0,0,0,0,0,21,0,0,0,0,0,11,0,0,9,0,0,2,0,0,4,0,0,0,0,0,0,0,0,7,0,0,12,0,0,0,2,0,0,0,0,0,0,0,0,0,0,0,0,0,0,0,3,3,0,0,4,0,0,8,0,0,4,0,2,0,0,4,0,0,0,0,0,0,0,0,0,0,0,0,0,0,0,2,0,0,0,0,0,3,0,0,3,0,0,6,0,0,0,0,0,0,0,0,0,0,0,3,0,0,0,0,0,0,0,0,0,0,0,4,0,0,0,0,0,0,0,0,0,0,0,0,0,0,0,0,0,0,0,0,0,0,0,0,0,0,0,0,0,0,0,0,0,0,0,0,2,0,0,0,0,7,0
Ruminococcaceae1,0,0,38,55,11,35,17,0,8,18,90,18,44,42,79,67,9,82,76,20,78,35,11,70,31,64,101,0,22,87,11,14,22,115,5,72,23,17,92,59,29,37,0,3,0,0,0,0,37,0,44,4,13,33,20,9,28,123,81,63,66,24,35,0,4,0,134,24,40,51,18,56,20,0,59,0,6,0,14,51,19,0,0,0,0,0,20,6,18,43,50,19,31,27,86,53,24,18,49,28,9,17,31,0,41,72,9,65,18,56,56,37,41,38,68,0,27,11,0,16,23,15,43,10,43,18,8,7,101,67,15,47,36,16,19,10,37,39,22,57,29,51,53,42,0,0,33,31,18,30,34,0,44,22,6,30,25,15,52,90,29,35,25,13,79,11,25,68,126,0,39,0,3,0,21,39,43,15,56,44,20,72,44,4,6,67,22,53,33,59,12,113,44,16,16,41,46,32,11,57,53,47,68,44,61,59,50,22,87,48,30,24,21,57,7,40,61,55,7,21,21,0,74,13,207,55,55,72,22,100,99
Ruminococcaceae2,0,0,0,0,0,0,0,0,0,0,0,0,0,0,0,23,0,7,0,3,0,28,0,28,0,0,0,0,0,0,0,0,0,0,0,0,0,0,0,0,0,0,0,0,0,0,0,0,0,0,0,0,0,0,0,0,0,0,0,0,0,0,0,0,0,0,0,0,0,0,0,0,0,0,0,0,0,0,0,0,0,0,0,0,0,0,0,0,0,0,0,0,0,11,0,5,19,0,26,12,0,6,0,0,0,0,0,0,0,0,0,0,0,13,0,0,0,0,0,0,0,0,0,0,0,0,0,0,0,0,0,0,0,0,0,0,0,0,0,0,0,0,0,0,0,0,0,0,0,0,12,0,6,0,0,0,0,0,0,0,0,0,0,0,0,0,0,0,0,0,0,0,0,0,0,0,0,0,0,0,0,0,0,0,0,16,0,0,2,11,0,27,0,0,0,0,0,0,0,0,0,17,9,13,0,0,0,7,0,14,2,0,0,0,0,0,0,0,0,0,0,0,0,0,0,0,0,0,0,0,0
Staphylococcus,9,6,0,6,0,4,0,0,7,5,3,4,0,0,0,4,0,3,0,40,11,0,0,0,0,8,8,0,3,6,0,0,0,14,12,12,6,11,9,4,7,7,0,0,0,0,0,0,0,4,7,0,0,6,0,19,0,7,0,5,7,0,0,0,3,7,0,0,0,12,0,6,3,10,7,0,0,7,5,53,0,0,4,4,0,0,0,0,5,8,0,0,5,0,0,0,0,20,8,8,4,9,0,3,0,4,4,11,0,7,6,0,0,0,0,0,0,0,0,4,16,15,0,0,0,0,0,73,12,0,4,0,7,0,3,20,7,0,0,0,0,0,0,0,0,0,0,5,0,8,6,0,0,0,10,0,0,7,0,0,0,5,0,0,0,0,3,0,0,4,0,0,8,5,0,25,0,6,0,0,0,0,8,0,0,0,6,7,0,0,0,8,0,4,3,7,0,10,7,5,0,4,0,8,9,42,7,4,9,5,0,12,0,0,8,0,16,6,5,7,0,0,9,0,3,0,79,10,0,3,0
Tuzzerella,40,126,101,40,111,34,108,33,29,28,85,17,47,68,62,87,39,66,70,126,72,80,52,112,22,87,50,4,48,74,20,69,17,240,34,150,48,70,88,60,76,68,99,87,50,43,33,62,50,27,83,30,41,65,19,79,35,114,74,51,80,77,85,50,51,21,103,92,49,73,55,51,18,56,46,9,11,0,27,21,22,88,5,63,3,29,27,63,55,63,49,41,40,42,123,41,46,38,16,62,48,26,9,3,51,10,0,0,0,0,0,54,12,30,70,23,13,13,67,14,142,10,47,18,61,21,7,52,0,3,0,7,33,40,27,24,42,57,20,113,49,84,107,76,12,80,31,0,2,0,64,21,63,36,54,41,47,80,53,84,32,38,25,5,45,14,0,74,80,17,47,94,125,40,32,49,42,53,80,90,22,66,59,16,3,52,33,39,35,121,28,43,50,32,12,47,61,25,6,6,4,33,65,56,86,111,28,42,65,64,41,116,10,47,97,73,141,101,27,11,16,11,158,0,45,46,27,102,85,42,67
UCG-009,8,109,79,67,51,50,18,0,14,0,0,0,0,0,0,0,0,0,67,12,62,56,0,106,0,0,0,0,0,0,0,0,0,0,0,0,67,23,0,56,0,28,5,9,0,0,0,0,0,0,0,12,116,67,0,5,0,150,100,42,0,5,3,0,8,5,96,24,28,34,66,28,28,69,21,42,21,63,25,12,34,0,0,0,0,28,30,0,5,0,63,0,52,26,49,31,69,17,50,39,56,22,0,0,36,0,0,0,0,0,0,0,7,0,0,0,0,20,7,12,181,26,52,15,38,45,12,66,22,0,6,0,61,45,25,0,8,62,0,0,0,46,0,130,17,96,38,0,0,0,41,67,41,58,108,58,25,15,47,85,15,36,60,60,92,0,61,63,118,83,55,0,0,5,41,73,51,43,76,66,0,0,0,0,22,67,17,21,32,95,42,101,37,23,9,30,100,33,27,57,62,35,112,49,96,81,50,24,56,50,39,101,25,50,0,55,111,144,14,39,89,13,109,24,207,49,11,51,29,0,68