Family,403_10,403_3,403_6,405_10,405_3,405_6,407_10,407_3,407_6,408_10,408_3,408_6,411_10,411_3,411_6,412_10,412_3,412_6,414_10,414_3,414_6,420_10,420_3,420_6,425_10,425_3,425_6,427_10,427_3,427_6,428_10,428_3,428_6,431_10,431_3,431_6,432_10,432_3,432_6,433_10,433_3,433_6,437_10,437_3,437_6,438_10,438_3,438_6,439_10,439_3,439_6,444_10,444_3,444_6,449_10,449_3,449_6,450_10,450_3,450_6,451_10,451_3,451_6,452_10,452_3,452_6,456_10,456_3,456_6,459_10,459_3,459_6,461_10,461_3,461_6,463_10,463_3,463_6,464_10,464_3,464_6,465_10,465_3,465_6,466_10,466_3,466_6,471_10,471_3,471_6,472_10,472_3,472_6,475_10,475_3,475_6,476_10,476_3,476_6,478_10,478_3,478_6,481_10,481_3,481_6,482_10,482_3,482_6,484_10,484_3,484_6,485_10,485_3,485_6,489_10,489_3,489_6,495_10,495_3,495_6,500_10,500_3,500_6,505_10,505_3,505_6,509_10,509_3,509_6,510_10,510_3,510_6,515_10,515_3,515_6,517_10,517_3,517_6,518_10,518_3,518_6,519_10,519_3,519_6,521_10,521_3,521_6,522_10,522_3,522_6,524_10,524_3,524_6,528_10,528_3,528_6,532_10,532_3,532_6,534_10,534_3,534_6,535_10,535_3,535_6,536_10,536_3,536_6,538_10,538_3,538_6,541_10,541_3,541_6,542_10,542_3,542_6,547_10,547_3,547_6,548_10,548_3,548_6,549_10,549_3,549_6,553_10,553_3,553_6,555_10,555_3,555_6,562_10,562_3,562_6,564_10,564_3,564_6,568_10,568_3,568_6,571_10,571_3,571_6,572_10,572_3,572_6,573_10,573_3,573_6,577_10,577_3,577_6,578_10,578_3,578_6,579_10,579_3,579_6,580_10,580_3,580_6,584_10,584_3,584_6,590_10,590_3,590_6,592_10,592_3,592_6
Prevotellaceae,10,22,16,13,28,14,11,20,13,17,8,12,29,273,411,11,78,19,154,290,645,8,63,105,67,460,704,5,411,1111,7,70,96,152,30,590,75,231,304,22,514,113,30,1090,92,6,5,123,346,14,109,29,66,1403,16,25,21,23,26,11,11,29,14,11,14,20,42,170,361,45,825,137,10,18,11,15,77,17,20,316,14,14,29,18,466,23,1061,31,1923,13,3,25,34,24,34,100,19,164,19,14,47,17,280,9160,111,42,6806,372,20,11248,48,13,11564,17,347,2153,2878,749,25,1618,29,149,1193,15,69,32,4,21,52,12,20,8,1028,2572,323,421,710,743,1698,1262,1029,99,1177,248,85,403,897,272,341,892,845,2473,185,364,334,40,132,1093,645,380,140,594,74,750,308,15,364,164,134,1124,32,17,32,15,47,238,185,153,882,335,307,267,853,10,25,15,547,392,724,160,275,117,49,303,75,17,32,164,234,295,627,108,310,524,745,850,478,0,31,22,2516,180,342,56,1787,313,16,337,40,95,1455,48,1880,6251,198,14,67,33,8,19,16
Lachnospiraceae,3318,27417,9774,15179,14540,6324,11788,4583,5274,4656,7073,4795,15624,9237,9831,13814,5703,12330,15612,12386,11737,10434,5761,17232,4934,15908,13547,907,7190,12457,3676,11578,5079,15876,5281,10479,9476,8362,18062,8686,11754,9211,11817,12957,4165,9710,3644,11400,11621,4884,11482,4031,8075,8330,4023,6414,8354,23263,9577,9572,17740,13523,9107,6709,4891,3019,20302,13435,7075,12512,8090,11543,3154,10318,9593,9039,5261,13818,4116,8524,7373,13792,8083,11088,920,6140,5788,7543,6944,10127,13367,9952,7331,7758,12611,7563,7238,4723,11879,9412,6941,5581,12188,6239,8932,15048,4216,12513,8048,14034,8662,10024,12245,6855,14394,4254,3691,5572,4658,2415,15939,3530,9048,3435,10000,5838,1741,11058,13823,7793,10252,6919,7691,6480,3917,9904,15120,12034,4383,17827,5477,12770,13612,20519,2747,17946,8054,5498,5309,4521,5371,6970,14723,6648,10423,9215,6766,10096,10309,10461,8014,7708,6098,5958,8662,5509,6221,9035,21867,11424,9001,6920,13714,13076,5655,8164,8152,6299,9817,12755,6522,11403,6760,2170,3590,10522,3569,8425,4959,11504,8859,15451,10292,6181,4194,3964,12054,7956,7537,13825,7231,7525,9404,6319,11290,16597,7159,5073,16368,9150,6096,21321,3244,13725,8536,10507,16595,11983,2685,3857,10930,1458,13822,9773,22498,5267,9096,10370,7839,12265,14388
Lactobacillaceae,19153,4358,18025,4570,2942,6715,3473,10096,9332,11467,2272,11115,7118,7458,10375,2862,5411,18772,3959,6833,7870,4292,10269,22954,9479,6024,6476,277,7076,11625,5558,4823,14391,6825,19216,8842,4444,6658,12171,7041,2025,12073,17974,6366,7067,3363,3848,5258,4049,3930,2319,5439,15705,13596,16154,3055,14073,10671,6996,8333,2422,1848,1327,3854,1389,13910,1568,7452,10990,25785,3222,14735,8149,1424,10005,12487,11013,9649,16060,17188,16723,865,4711,10896,14870,10356,14154,18536,8373,10077,3103,9577,13828,16263,19158,3706,12386,21136,14873,15757,5221,11832,6434,6293,11411,11768,5011,11995,8735,4587,11429,1491,3459,11102,628,3635,12475,15543,10250,8514,17155,22704,7108,3244,19501,12893,1826,7284,21922,5980,7723,11118,15254,8145,4497,30138,7348,4001,2956,5146,11894,8582,4357,5667,2233,1810,3940,13129,3481,16905,6430,5982,4595,9578,9480,13496,6556,9360,10083,8991,21870,13115,8009,7220,10876,3455,5609,18356,4865,7703,5576,3603,2652,4707,4028,11553,3832,10801,7074,10661,12087,3476,15286,10485,6130,8496,9408,5933,11431,13778,4220,6568,1271,2288,3177,10214,4892,10421,13090,7969,9055,5437,2871,16288,7830,4865,10727,9735,4775,12081,11407,9805,4805,5450,1597,8148,14195,5455,12054,7655,8584,2030,14229,3754,2252,2485,28646,14084,8438,2831,9519
Muribaculaceae,4021,7174,4372,1707,2567,2215,5475,1045,9987,5103,825,8625,1740,2807,7334,1101,539,1718,5264,4964,7083,1453,648,5014,2214,2723,6980,111,871,7188,2539,3556,5485,2651,161,4863,2812,4336,12411,2190,7078,3861,5005,3939,2514,2184,459,6808,2820,940,1075,3877,619,11964,7296,3210,3985,6266,7360,5562,3329,4618,4563,3052,633,5219,2395,2715,6172,4243,2936,4745,6741,3839,2558,4958,1237,4815,6631,3248,8161,6359,1171,8116,3553,661,2627,7565,7288,7941,2899,1286,6606,6484,4185,4429,9270,1969,7157,4197,4215,5485,7939,4633,4151,9636,4914,11217,11765,5918,4419,6426,6745,3715,2958,3380,6526,7786,399,3952,2803,7122,5295,3089,1446,4371,1326,8821,17076,2898,4370,5179,12520,4119,2958,6182,3076,5843,3289,3304,4800,1479,3428,3088,708,3944,3811,4820,3964,6803,3951,4491,2280,5254,3959,6657,1697,11216,5660,3406,3832,7024,5643,5776,7895,3105,6134,9727,4433,7104,1468,2795,1314,2654,2669,6401,4151,3898,6725,3283,7172,6449,5569,4731,4626,4010,6849,6343,7008,5453,7076,2615,1130,2523,2166,4753,3308,6555,4711,6118,7176,3169,3045,8972,7479,5646,5915,1581,5807,4100,5340,2896,2784,5150,2385,5327,4410,4544,2928,3018,4987,539,16441,4864,1868,3692,2355,4696,1805,944,1742
Oscillospiraceae,199,1581,815,656,824,516,643,216,374,327,667,287,896,1095,872,1253,470,1408,1545,1114,1337,1047,530,2931,489,933,1793,92,338,1022,155,402,395,1785,283,1574,1127,659,2439,806,1285,1053,1040,1066,650,845,171,1230,995,398,1451,284,611,1278,332,649,719,3135,1148,1463,1450,2173,1016,574,304,195,1798,659,629,1185,427,1063,382,830,747,697,276,1191,418,657,626,720,169,1089,72,354,519,775,556,1295,806,390,601,575,1097,925,701,379,1030,786,582,442,1131,443,806,2245,309,1673,591,1050,946,1231,697,460,912,261,251,326,208,264,1148,296,976,351,942,806,276,1407,1426,798,747,925,679,302,362,325,511,1120,450,963,517,831,757,1372,144,1041,752,471,337,356,665,575,953,626,737,789,567,707,970,1138,660,660,444,339,1038,246,840,979,1659,966,743,1229,470,1191,614,750,832,658,688,870,484,805,685,181,357,1207,202,620,451,1248,750,1423,858,851,358,535,1401,628,475,531,709,1073,1187,588,1172,1735,1118,667,2295,1150,508,1457,379,807,351,831,1917,806,265,461,575,145,1430,797,1899,650,543,724,756,1059,1384
Ruminococcaceae,77,988,523,685,565,496,421,174,146,173,505,148,514,952,484,942,575,508,1067,1246,753,698,491,1869,349,699,804,2,276,391,91,560,155,1210,438,538,501,641,762,245,1464,431,672,1102,137,383,199,498,499,446,505,99,807,666,262,740,359,2166,1068,732,926,1790,499,216,484,96,1141,1560,625,557,427,660,139,751,458,371,216,1006,167,858,366,562,727,702,30,463,261,560,364,789,568,318,358,292,478,486,357,257,512,477,374,212,1287,451,511,1741,588,1016,387,1080,708,660,547,273,426,260,120,276,276,118,1879,275,656,133,671,246,101,758,678,685,495,470,387,252,242,226,768,737,346,939,258,586,899,1650,274,1256,425,192,362,212,462,561,928,231,731,385,367,580,423,681,515,383,349,255,696,281,590,1027,981,785,603,572,46,999,293,568,323,262,441,374,228,598,453,119,344,583,94,575,296,782,524,1191,407,421,351,278,1195,419,401,382,328,903,828,316,576,732,678,321,880,637,273,1502,200,525,284,616,1156,802,108,270,359,79,825,251,2964,255,523,492,351,537,890
Enterobacteriaceae,6,8,8,0,0,0,0,0,0,0,4,4,0,5,8,3,0,0,0,60,0,0,0,10,6,3,6,0,0,7,0,0,2,0,6,0,0,6,13,8,4,10,6,4,0,0,0,4,0,0,0,0,0,7,0,34,5,0,0,6,0,3,0,0,0,0,6,7,18,10,0,5,4,4,3,7,5,0,0,62,7,0,5,13,0,0,6,4,0,7,0,7,7,4,7,0,0,20,3,0,4,4,0,0,5,0,6,6,9,4,0,7,4,6,6,0,5,0,0,0,0,10,4,0,4,3,0,76,6,0,0,0,5,0,0,6,10,0,0,11,0,0,5,0,0,0,8,4,0,0,0,0,3,0,5,0,0,7,5,4,6,8,0,4,5,0,0,6,9,0,0,0,10,0,0,39,3,0,0,8,0,5,0,5,3,0,0,0,0,10,0,0,3,0,0,0,7,0,6,8,0,5,7,0,0,49,3,0,5,0,5,4,3,0,0,0,7,0,5,5,0,0,4,5,7,0,80,0,0,0,7
Bacteroidaceae,800,14110,4066,631,12660,1400,1069,8423,3814,1279,2127,2656,623,8579,2826,746,5072,1051,921,17574,2096,397,5978,2744,909,8487,2687,46,7332,4004,444,13950,2535,2031,3552,6146,809,13043,3632,1083,18148,1635,1581,15445,1378,1437,5200,5310,1670,4386,1373,534,3257,3725,4236,16568,3051,2648,14190,1945,1407,13714,3391,2040,5483,6210,2240,19886,5260,2025,5247,3774,2870,10975,1987,1872,6586,2625,2592,11546,2398,1301,19195,2385,2312,6203,2135,1013,10079,2434,880,7192,3958,4578,6173,1989,1895,2612,2353,1260,7715,1618,3951,11521,3534,1809,9744,2783,3383,4362,1891,885,4962,1806,1380,10507,2677,2428,9336,2427,1770,4703,2618,609,1495,1013,231,10541,5094,1483,6021,3682,5161,5317,1125,4793,5898,2100,1148,9300,2300,1285,6551,2114,390,5662,1766,2496,3648,4432,3373,5385,1611,1553,4076,1474,1247,10685,3018,2108,5911,2411,971,8502,2938,640,6887,2069,2314,5421,886,3896,13098,3401,386,2392,642,1168,5576,706,1354,2558,1712,2617,3697,887,1451,7454,1568,2281,6521,984,467,3622,562,2625,6429,3091,1399,6068,3073,1059,1503,2460,3984,2692,2066,746,1922,1696,2948,3436,1361,1514,13561,2428,1383,9639,1703,1458,6783,437,9804,8406,1187,799,4970,3238,350,4132,850
Monoglobaceae,13,4,24,25,7,13,8,0,11,0,4,9,0,21,5,2,0,5,8,9,2,0,0,9,23,16,70,0,14,56,17,31,34,52,0,44,0,8,0,3,0,0,8,0,0,0,0,17,7,0,0,0,5,0,3,0,4,11,0,4,0,0,3,0,0,0,52,3,0,27,0,6,3,3,0,6,0,0,4,0,4,0,0,0,0,0,0,0,0,0,7,0,11,14,5,11,29,4,10,12,12,10,12,0,11,47,6,24,15,18,8,5,45,7,4,3,11,0,0,0,93,0,41,0,0,0,0,3,0,0,0,0,22,3,5,19,0,6,0,3,14,10,11,7,6,15,4,7,0,2,11,9,16,11,0,0,4,9,8,0,8,0,0,0,0,0,0,0,0,2,0,13,0,15,3,6,11,3,2,3,4,0,0,0,0,9,7,8,10,15,3,13,11,7,0,0,25,7,13,10,21,0,5,0,4,5,10,5,17,10,5,7,3,19,0,11,6,4,2,0,22,6,14,0,25,0,0,13,15,0,12
Anaerovoracaceae,14,136,59,36,42,33,128,20,34,38,37,27,43,30,55,58,16,54,101,41,59,30,27,118,35,57,78,6,14,75,23,84,33,48,9,41,31,41,66,27,46,27,69,64,25,45,5,64,41,22,55,37,25,31,24,30,34,160,68,69,57,70,53,27,4,3,67,21,0,99,42,50,66,86,28,27,9,39,15,42,22,88,30,52,9,12,19,74,38,69,36,42,46,33,71,31,46,29,55,49,65,24,56,57,37,81,49,69,45,76,37,53,61,28,0,0,0,66,12,14,213,33,68,7,27,28,0,46,58,48,25,35,73,35,28,62,44,66,23,57,33,44,41,165,25,66,19,27,46,24,38,68,63,36,46,45,30,50,26,91,27,21,34,52,71,44,47,94,95,101,49,24,14,34,41,53,41,26,38,47,12,61,34,18,26,72,13,31,15,61,57,89,31,41,26,16,61,40,65,51,37,65,63,23,63,84,54,22,115,55,31,83,10,52,27,27,70,74,11,54,73,0,63,61,155,24,22,41,48,81,62
Acholeplasmataceae,7,101,0,30,31,63,26,36,85,12,26,87,71,65,79,74,4,81,30,73,78,3,0,8,145,18,263,12,77,134,14,3,239,6,0,6,7,24,0,2,5,0,74,6,184,120,0,689,63,7,48,21,13,20,0,2,0,11,3,5,9,9,2,55,3,75,0,42,4,452,106,487,40,3,202,5,13,8,55,35,212,19,0,648,9,6,54,30,17,102,16,81,52,92,31,30,135,35,95,14,7,78,133,4,349,55,0,14,26,23,46,25,21,29,0,0,3,0,4,0,15,0,52,2,25,0,43,6,309,28,1658,66,9,20,19,98,6,82,0,31,0,33,0,23,6,0,30,46,222,214,240,35,40,17,68,17,18,140,29,30,103,27,81,106,35,6,228,6,27,71,13,39,0,63,139,94,129,68,159,92,42,121,70,0,128,26,48,75,34,60,69,41,9,0,6,92,104,62,6,299,64,42,92,18,28,98,39,20,105,37,77,187,41,7,6,4,63,33,30,21,159,30,322,291,97,30,23,198,39,206,97
Clostridia_UCG-014,0,0,0,8,0,0,0,0,0,0,0,0,0,0,0,0,0,0,0,0,0,0,0,0,4,8,0,0,0,8,0,0,0,0,0,0,0,5,0,2,0,0,0,0,36,0,0,3,4,0,0,0,0,0,0,0,0,0,0,0,0,0,0,0,0,0,0,8,0,5,0,0,0,0,0,0,0,0,0,0,0,0,0,0,0,0,0,0,0,0,4,0,63,55,5,112,27,0,6,0,0,0,0,0,0,0,0,0,0,0,0,0,0,0,0,0,0,0,0,0,0,0,0,0,0,0,0,0,0,0,0,0,0,0,0,0,0,0,0,0,3,0,0,0,0,0,0,0,0,0,0,0,0,0,0,0,0,0,0,6,0,0,0,0,0,0,0,0,0,0,0,0,0,0,0,0,5,13,0,9,0,0,0,0,0,5,0,0,58,4,0,13,10,0,5,0,0,0,0,0,0,0,0,0,0,0,0,0,0,0,0,0,0,0,0,0,0,0,0,0,0,0,0,0,0,0,0,0,0,0,0
Clostridia_vadinBB60_group,45,24,106,42,48,42,16,7,58,24,22,83,55,102,105,66,120,90,81,103,115,77,32,220,149,166,146,6,103,233,18,10,87,385,8,214,78,50,114,43,14,56,42,20,75,73,22,215,116,23,102,32,9,124,14,0,24,7,5,0,51,8,98,53,5,107,37,57,0,182,78,186,32,9,94,36,9,82,141,45,174,14,5,164,6,4,37,19,18,82,13,49,46,90,51,41,51,50,58,21,183,49,113,119,170,184,147,111,53,13,148,129,27,45,32,0,285,24,53,40,59,94,315,181,50,125,46,48,335,90,168,133,46,7,39,57,12,48,27,38,76,18,42,18,0,14,49,59,93,177,136,11,68,72,15,62,57,54,127,127,54,164,175,97,164,6,162,64,110,67,52,111,4,85,35,26,105,99,63,71,117,76,128,10,78,35,26,48,60,74,56,48,52,6,16,112,48,149,45,79,164,41,50,160,272,92,78,46,68,100,139,101,23,74,19,121,230,17,51,0,24,20,163,45,113,6,38,80,54,36,74
Clostridiaceae,9,202,57,11,281,56,5,192,66,26,135,66,11,37,31,11,63,340,10,61,41,11,134,78,0,37,62,0,41,144,0,69,182,31,158,222,20,138,48,13,81,119,15,144,27,0,102,67,0,67,35,17,325,24,41,367,51,16,252,49,29,159,123,0,15,185,6,37,36,24,43,102,24,50,89,26,13,41,64,153,105,16,0,49,14,138,72,14,96,90,9,69,173,37,112,56,9,70,24,0,9,97,7,10,75,39,6,143,0,6,26,10,9,35,6,5,0,17,85,45,30,50,33,4,65,63,5,25,68,0,75,24,36,105,21,24,325,72,30,311,41,16,88,40,0,110,43,19,114,385,24,27,33,0,91,20,11,213,37,6,94,21,6,116,76,0,69,24,14,64,29,19,110,28,9,57,63,22,111,35,31,22,101,25,97,109,27,391,93,15,595,41,0,11,32,26,55,103,13,141,146,8,42,43,13,81,29,20,59,61,7,102,79,18,35,91,7,65,49,4,81,5,97,90,35,8,399,75,8,186,27
Eggerthellaceae,249,370,307,214,74,181,122,207,705,92,145,441,92,109,379,79,50,259,377,227,454,71,169,654,103,137,268,8,133,192,176,170,349,101,124,286,193,259,469,153,136,568,260,253,139,219,74,188,163,100,102,340,184,505,271,139,121,1015,115,262,209,149,58,95,60,195,166,260,103,463,58,307,327,162,269,307,91,159,202,233,516,322,264,538,139,270,230,378,193,344,57,166,146,137,123,76,420,205,359,154,119,454,179,174,122,136,140,166,132,59,68,235,61,138,112,160,178,302,154,319,942,178,265,109,149,407,26,282,390,255,143,118,314,86,75,821,196,369,167,237,313,112,168,375,124,131,106,162,268,258,131,313,167,187,97,311,94,332,180,215,287,441,177,157,227,188,156,492,351,292,227,226,51,271,121,151,135,325,122,214,232,118,342,172,223,362,208,129,313,423,103,141,121,157,110,391,158,365,293,193,94,332,149,519,279,197,392,216,291,243,221,236,227,116,65,293,655,155,91,290,119,51,226,214,533,76,165,164,100,119,140
Saccharimonadaceae,0,0,0,0,0,0,0,0,0,0,0,0,0,0,0,0,0,0,0,0,0,0,0,7,0,0,0,0,0,0,0,3,0,2,0,0,0,2,0,0,0,7,0,0,0,0,0,0,0,0,0,0,0,0,0,0,0,0,0,0,0,0,0,0,0,0,0,0,0,0,0,0,0,0,0,0,0,0,0,0,0,0,0,0,0,0,0,0,0,5,0,0,0,9,5,8,0,0,0,0,0,0,0,0,0,0,0,0,0,0,0,0,0,0,0,0,0,0,0,0,13,0,0,0,0,0,0,0,0,0,0,0,15,0,0,25,0,0,0,0,8,0,0,3,0,0,0,0,0,0,0,3,0,0,12,0,0,0,0,0,3,0,0,0,0,0,4,11,5,6,0,0,0,0,0,0,0,0,3,0,0,0,0,0,0,0,0,0,0,0,3,2,0,0,0,0,6,0,0,0,0,0,0,0,0,3,0,0,0,0,0,0,0,0,0,0,0,0,3,2,0,0,0,0,4,0,0,0,0,23,0
Deferribacteraceae,145,1947,451,464,66,882,19,23,32,92,2704,112,29,49,64,26,36,45,1453,605,1238,246,343,2881,738,359,1026,44,654,1128,274,460,295,868,1078,552,405,1734,2674,861,952,1670,1515,1079,329,1203,1523,1110,1160,603,3109,445,1740,257,378,307,1206,1067,579,995,2606,486,446,590,275,779,1669,4060,935,3893,116,828,83,623,302,1310,554,2743,440,601,506,1417,1153,384,43,394,259,263,251,419,1285,305,271,276,260,532,316,295,1186,1054,384,166,1173,869,704,1959,389,806,215,1825,987,312,594,223,1270,176,188,64,27,120,1030,412,432,8,239,31,51,1424,812,944,705,370,1133,415,56,283,255,766,13,309,24,992,850,1221,232,2923,630,335,286,340,344,37,794,202,1889,748,480,434,640,1230,614,463,109,178,430,914,381,618,1631,3182,1534,579,3460,667,22,109,21,452,474,1155,298,1487,361,195,264,490,145,232,761,1319,392,2336,560,1090,343,326,1116,434,144,521,417,966,181,251,428,1293,782,196,1238,401,227,7018,100,1780,81,741,1819,585,455,520,804,89,710,686,3078,353,1095,2651,1467,1010,2861
Butyricicoccaceae,8,109,79,67,51,50,18,0,14,0,0,0,0,0,0,0,0,0,67,12,62,56,0,106,0,0,0,0,0,0,0,0,0,0,0,0,67,23,0,56,0,28,5,9,0,0,0,0,0,0,0,12,116,67,0,5,0,150,100,42,0,5,3,0,8,5,96,24,28,34,66,28,28,69,21,42,21,63,25,12,51,0,0,0,0,28,30,0,5,0,63,0,52,26,49,31,69,17,50,39,56,22,0,0,36,0,0,0,0,0,0,0,7,0,0,0,0,20,7,12,181,26,52,15,38,45,12,66,22,0,6,0,61,45,25,0,8,62,0,0,0,46,0,130,17,96,38,0,0,0,41,67,41,58,108,58,25,15,47,85,15,36,60,60,92,0,61,63,118,83,55,31,0,70,41,73,51,43,76,66,0,0,0,0,22,67,17,21,32,95,42,101,37,23,9,30,100,33,27,57,62,35,112,49,96,81,50,24,56,50,39,101,25,50,0,55,111,144,14,42,101,13,118,26,217,49,11,51,29,0,68
Erysipelatoclostridiaceae,21,128,20,12,95,8,20,63,43,16,105,46,0,22,21,0,0,0,21,118,20,4,22,54,21,23,13,0,50,156,8,140,16,3,0,0,0,19,6,10,35,24,0,5,0,3,4,4,0,0,0,9,27,45,0,3,0,76,21,29,6,5,0,0,4,7,16,173,14,0,0,22,0,0,0,0,5,0,0,27,0,15,138,45,29,90,26,35,147,29,5,214,53,35,29,21,21,25,10,10,31,24,105,239,41,52,402,90,138,124,44,31,271,38,20,593,47,30,60,9,0,3,0,0,15,0,0,10,7,13,27,27,0,0,0,74,45,26,30,44,38,13,66,70,11,77,12,42,94,44,32,144,20,24,52,28,16,133,27,31,28,16,15,337,53,9,138,22,50,289,14,0,0,8,10,46,4,29,84,45,23,21,18,0,271,20,8,284,20,32,152,7,5,113,6,36,39,26,24,211,41,20,37,15,12,37,20,11,44,22,56,85,48,9,289,33,47,40,50,228,373,6,84,615,38,0,0,7,7,209,38
Pseudomonadaceae,0,0,0,0,0,0,0,2,0,5,0,0,0,0,0,0,0,0,0,11,0,0,0,0,0,0,0,0,0,0,0,0,0,0,0,0,0,0,0,0,0,0,0,0,0,0,0,0,0,0,0,0,0,0,0,0,0,0,0,0,3,0,2,0,0,0,0,0,0,0,0,0,0,0,0,0,4,0,0,21,0,0,0,0,0,6,4,0,0,0,0,0,0,0,0,0,0,6,0,0,0,0,0,0,4,5,0,0,0,0,0,0,0,0,0,0,0,0,0,0,0,6,0,0,4,0,0,28,5,0,0,0,2,5,0,0,0,0,0,0,0,0,0,0,0,0,0,0,0,0,0,0,2,0,0,0,0,0,0,0,0,0,0,0,0,0,0,0,0,0,0,0,3,0,0,16,0,0,0,0,0,0,0,0,3,0,0,0,0,0,0,0,0,0,0,0,0,0,0,0,0,0,0,0,0,17,0,0,0,0,0,0,0,0,0,0,0,4,0,0,0,0,0,0,0,0,11,5,0,0,0
Micrococcaceae,0,5,0,0,0,0,0,0,0,0,0,0,0,0,5,0,0,2,0,4,0,0,0,0,0,0,0,0,0,0,0,9,0,2,0,0,0,0,0,0,4,0,0,0,0,0,0,0,0,3,0,0,0,0,0,5,0,0,0,0,0,6,0,0,0,0,0,15,0,0,0,0,0,21,0,0,0,0,0,11,0,0,9,0,0,2,0,0,4,0,0,0,0,0,0,0,0,7,0,0,12,0,0,0,2,0,0,0,0,0,0,0,0,0,0,0,0,0,0,0,3,3,0,0,4,0,0,8,0,0,4,0,2,0,0,4,0,0,0,0,0,0,0,0,0,0,0,0,0,0,0,2,0,0,0,0,0,3,0,0,3,0,0,6,0,0,0,0,0,0,0,0,0,0,0,3,0,0,0,0,0,0,0,0,0,0,0,4,0,0,0,0,0,0,0,0,0,0,0,0,0,0,0,0,0,0,0,0,0,0,0,0,0,0,0,0,0,0,0,0,0,0,0,0,2,0,0,0,0,7,0
Marinifilaceae,0,7,0,0,0,0,0,0,0,3,0,0,136,0,365,0,0,0,0,12,3,0,0,0,0,0,2,0,0,6,0,0,3,0,0,8,5,16,7,171,3,584,0,3,2,0,0,0,6,8,0,4,0,0,0,0,3,8,4,0,0,4,0,0,0,0,0,25,7,0,0,731,0,0,0,5,13,0,4,94,0,0,0,3,0,17,5,0,10,0,0,0,6,0,0,0,0,3,0,4,28,0,1538,7,602,3,0,5,925,0,761,662,5,663,0,4,0,3,0,0,0,6,0,298,22,399,65,36,1775,579,1156,728,5,0,0,8,0,0,0,8,0,8,0,0,0,5,0,0,0,0,0,0,0,0,5,0,0,20,5,0,46,5,0,0,0,0,0,0,5,7,2,0,6,0,364,0,471,237,16,360,822,4,681,4,0,82,0,4,0,0,3,0,0,0,4,4,11,0,2,0,0,5,5,10,0,21,0,3,10,0,70,45,216,2,4,0,1024,0,544,0,0,0,0,2,0,2,20,0,0,2,0
Peptococcaceae,10,61,15,19,28,14,18,8,18,15,15,9,12,60,22,10,41,17,34,99,34,6,8,35,15,35,33,0,20,28,7,40,10,20,12,27,27,47,44,25,80,14,6,100,5,25,7,34,13,22,22,10,17,24,9,40,12,37,71,29,19,105,37,20,48,14,41,187,15,17,24,26,0,45,7,13,36,15,7,66,0,22,0,18,3,19,14,9,15,6,16,0,22,10,25,25,22,14,27,22,27,13,61,8,16,82,0,48,29,18,37,28,67,9,26,70,25,15,12,3,21,8,14,7,23,17,5,53,52,18,14,43,30,22,14,12,11,21,6,109,9,14,31,24,7,50,17,5,0,6,16,36,28,18,27,16,11,34,20,36,27,25,5,20,25,6,14,17,28,28,17,18,99,32,12,15,17,14,44,33,9,0,19,0,13,22,12,54,26,20,32,28,12,25,7,10,39,8,16,7,13,18,27,18,41,52,23,10,53,18,20,20,0,18,46,39,22,39,8,0,5,0,37,0,27,8,0,8,14,0,0
o__Bacteroidales,0,0,0,0,0,0,0,0,0,0,0,0,0,2,0,0,0,0,0,0,0,0,0,0,0,0,0,0,0,0,0,0,0,0,0,0,0,0,0,0,0,0,0,0,0,0,0,0,0,0,0,0,0,0,0,0,0,0,0,0,0,0,0,0,0,0,0,0,0,0,0,0,0,0,0,0,0,2,0,0,2,0,0,0,0,0,0,0,0,0,0,0,0,0,0,0,0,0,2,0,0,0,0,0,0,0,0,0,0,0,0,0,0,0,0,0,0,0,0,0,0,0,0,0,0,0,0,4,3,0,0,0,0,0,0,0,0,0,0,0,0,0,0,0,0,0,0,0,0,0,0,0,0,0,0,0,0,0,0,0,0,0,0,0,0,0,0,0,0,0,0,0,0,0,0,0,0,0,0,0,0,0,0,0,0,0,0,0,0,0,0,0,0,0,0,0,0,0,0,0,0,0,0,0,0,0,0,0,0,0,0,0,0,0,0,0,0,0,0,0,0,0,0,0,0,0,0,0,0,0,0
Enterococcaceae,0,15,0,0,0,0,0,0,0,10,0,0,16,0,10,6,0,14,0,21,0,0,0,0,0,0,7,0,25,0,0,6,0,0,0,0,0,0,0,0,0,0,15,14,0,0,0,0,0,11,0,0,14,0,0,14,0,0,12,0,4,17,0,0,0,0,0,108,0,11,0,12,0,6,0,0,0,0,0,22,0,0,0,0,0,0,0,0,9,0,0,0,11,0,15,0,0,0,14,0,19,10,0,12,0,15,0,0,0,11,9,0,13,0,0,18,0,14,0,0,0,18,0,0,0,0,0,29,27,0,0,0,10,0,0,0,30,0,0,29,8,14,0,0,0,0,0,0,0,0,9,9,0,0,0,0,0,47,0,0,16,0,0,13,0,0,8,19,0,9,15,0,9,0,0,26,0,0,0,0,0,0,0,8,0,19,0,29,0,0,12,0,0,14,0,0,0,0,0,19,0,0,18,0,0,19,0,0,13,0,0,13,0,0,0,0,18,36,0,0,10,0,0,0,0,0,45,19,0,24,0
Staphylococcaceae,9,6,0,6,0,4,0,0,7,5,3,4,0,0,0,4,0,3,0,40,11,0,0,0,0,8,8,0,3,6,0,0,0,14,12,12,6,11,9,4,7,7,0,0,0,0,0,0,0,4,7,0,0,6,0,19,0,7,0,5,7,0,0,0,3,7,0,0,0,12,0,6,3,10,7,0,0,7,5,53,0,0,4,4,0,0,0,0,5,8,0,0,5,0,0,0,0,20,8,8,4,9,0,3,0,4,4,11,0,7,6,0,0,0,0,0,0,0,0,4,16,15,0,0,0,0,0,73,12,0,4,0,7,0,3,20,7,0,0,0,0,0,0,0,0,0,0,5,0,8,6,0,0,0,10,0,0,7,0,0,0,5,0,0,0,0,3,0,0,4,0,0,8,5,0,25,0,6,0,0,0,0,8,0,0,0,6,7,0,0,0,8,0,4,3,7,0,10,7,5,0,4,0,8,9,42,7,4,9,5,0,12,0,0,8,0,16,6,5,7,0,0,9,0,3,0,79,10,0,3,0
Erysipelotrichaceae,39,37,45,16,31,26,49,4,66,17,49,7,24,0,47,30,0,51,116,24,53,4,5,62,8,18,5,0,22,5,2,76,13,14,0,36,10,26,47,15,21,17,28,34,5,13,9,74,32,23,33,5,53,30,27,60,12,46,23,6,15,30,8,7,33,31,43,93,90,142,53,34,51,29,5,6,0,12,8,13,22,41,3,47,5,4,12,23,34,18,27,7,28,10,4,24,15,29,29,19,5,10,55,2,39,50,0,46,28,59,7,26,69,10,84,0,27,40,17,20,190,17,52,0,26,16,4,16,17,47,33,10,103,49,15,44,25,41,4,23,16,24,9,122,3,41,19,6,9,17,16,13,19,18,21,10,15,28,59,12,16,17,18,240,52,18,85,56,36,39,21,44,143,76,8,25,14,28,91,26,7,24,35,12,12,12,4,68,5,44,30,34,10,16,15,16,19,11,30,112,11,11,6,0,9,17,18,2,15,14,8,42,14,30,18,23,34,71,16,39,39,0,57,36,57,4,10,20,10,0,13
Listeriaceae,0,11,0,0,7,0,0,0,0,0,0,0,0,0,0,0,8,0,9,38,13,10,0,0,0,7,9,0,0,12,0,0,0,0,0,0,6,0,12,0,4,0,0,0,0,0,0,0,0,0,0,0,0,0,0,11,0,16,0,6,5,0,0,0,0,0,8,7,0,10,0,0,0,6,0,8,0,0,0,30,0,0,0,0,0,0,0,0,0,0,0,0,0,0,0,0,6,0,0,7,0,0,0,0,0,0,0,10,0,0,0,0,0,0,0,0,0,0,7,7,14,6,0,0,0,0,0,52,0,0,0,8,0,8,0,0,0,6,0,0,0,0,0,0,0,11,6,0,0,0,0,7,10,0,0,0,4,0,12,0,6,0,0,0,8,0,0,0,9,0,0,0,7,0,0,23,0,0,0,0,0,8,0,0,0,0,0,0,0,0,0,9,0,0,0,0,0,0,0,0,0,0,0,8,10,34,0,0,0,11,0,0,0,3,11,0,0,0,0,0,3,0,0,0,8,0,49,0,0,0,0
Rikenellaceae,218,149,430,166,184,207,94,61,465,148,150,282,289,60,540,99,52,355,274,208,419,250,155,732,276,155,479,20,42,900,450,275,1046,678,87,2260,102,195,396,324,119,419,222,64,427,573,49,1002,328,27,147,150,131,511,122,13,72,626,48,421,634,37,673,0,19,15,284,137,828,266,230,831,67,49,557,966,51,1196,396,164,766,15,15,20,68,36,127,230,107,665,99,524,277,873,635,247,473,333,594,251,303,284,660,18,806,526,18,644,537,50,436,416,48,255,8,12,15,173,18,327,221,216,672,279,188,331,58,163,862,317,641,201,149,218,177,535,312,266,182,163,432,227,202,198,54,83,261,395,321,544,451,12,355,145,115,128,192,115,277,92,205,208,347,254,424,52,451,167,356,287,221,8,16,8,190,203,211,263,162,183,332,49,504,64,52,261,196,92,203,295,134,203,142,15,157,444,177,416,515,226,823,153,125,412,494,160,238,238,248,519,275,250,137,232,21,365,722,19,221,40,357,55,930,273,254,104,99,359,285,109,739
RF39,0,0,0,0,0,0,0,0,0,0,0,0,0,0,0,0,0,0,0,0,0,0,0,0,0,0,0,0,0,0,0,0,0,0,0,0,0,0,0,0,0,0,0,0,0,0,0,0,0,0,0,0,0,0,0,0,0,0,0,0,0,0,0,0,0,0,0,0,0,0,0,0,0,0,0,0,0,0,0,0,0,0,0,0,0,0,0,0,0,0,0,0,0,0,0,0,0,0,0,0,0,0,0,0,0,0,0,0,0,0,0,0,0,0,0,0,0,0,0,0,0,0,0,0,0,0,0,0,0,0,0,0,0,0,0,0,0,0,0,0,0,0,0,0,0,0,0,0,0,0,0,0,0,0,0,0,0,0,0,0,0,0,0,0,0,0,0,0,0,0,0,0,0,0,0,0,0,0,0,0,0,0,0,0,0,0,0,0,0,0,0,0,0,0,0,0,0,0,0,0,0,0,0,0,0,0,0,0,0,0,0,0,0,0,0,0,0,0,0,0,0,0,0,0,0,0,0,0,0,0,0
Bacillaceae,0,0,9,8,0,6,0,0,0,0,6,0,0,6,13,6,0,0,6,46,0,0,9,16,7,0,0,0,0,12,0,0,0,0,8,9,0,0,17,8,0,10,0,0,0,9,3,11,10,0,0,0,10,11,8,31,0,15,0,0,0,0,4,6,0,6,0,8,0,11,0,12,0,0,0,0,0,12,0,53,13,6,11,13,0,0,0,7,9,7,0,0,0,13,0,11,0,27,0,0,0,9,13,10,7,12,0,10,7,10,7,0,0,8,5,0,6,0,0,0,13,14,7,4,13,0,0,70,0,0,0,0,10,0,5,12,0,0,0,0,0,0,10,8,0,7,0,0,0,7,0,0,0,0,8,12,0,0,0,0,11,3,4,5,0,0,0,0,8,0,0,0,0,0,0,37,0,3,8,7,0,8,0,0,0,0,0,0,6,10,5,0,0,0,4,0,6,10,0,0,6,5,0,0,0,41,0,0,6,11,0,0,7,0,0,12,5,0,0,0,0,0,9,0,0,0,69,0,8,8,9